listing_id,claimed_product_id,category,perturbed_product_id,price_factor,perturbation_type
LISTING_000000,B07HSK7MXZ,Electronics,B07T2LLWSS,1.274,same_category_variant_mismatch
LISTING_000014,B07T8Q151Z,Electronics,B07TH2V4QW,0.9,same_category_compatible_subtype_case
LISTING_000033,B07SS974PZ,Furniture,B07F2X8K62,0.865,same_category_variant_mismatch
LISTING_000040,B07SLF6QNG,Furniture,B07JHNQLGP,0.844,same_category_compatible_subtype_pan
LISTING_000044,B07TRX4898,Electronics,B07TRVVVC2,0.887,same_category_compatible_subtype_case
LISTING_000059,B07H8PS46Q,Furniture,B075YLSBMR,1.152,same_category_variant_mismatch
LISTING_000066,B0856BBRV9,Electronics,B07V6D4ZVV,0.804,same_category_compatible_subtype_case
LISTING_000157,B07TG4WGDF,Electronics,B07TC4ZFTW,1.28,same_category_compatible_subtype_case
LISTING_000166,B07R7WNJ17,Electronics,B07QL712P8,0.904,same_category_compatible_subtype_case
LISTING_000294,B083V9Y416,Sports,B07CWDLR6P,1.245,same_category_variant_mismatch
LISTING_000623,B07ZL1R6FZ,Sports,B01CUB7G5I,0.846,same_category_variant_mismatch
LISTING_000724,B07HCMD4DK,Sports,B0731CHZWN,0.824,same_category_variant_mismatch
LISTING_000745,B07B4ZFD1C,Furniture,B00FXW7SIM,1.273,same_category_variant_mismatch
LISTING_000892,B079HRHJF4,Electronics,B075QMLS5J,0.835,same_category_compatible_subtype_headphone
LISTING_000896,B07Y2BBZZD,Electronics,B07TH37KT6,0.81,same_category_compatible_subtype_case
LISTING_000898,B07TH2YQD9,Electronics,B07TG4WGW1,0.862,same_category_compatible_subtype_case
LISTING_000899,B07TF1DNCC,Electronics,B07TG4W6ZR,1.157,same_category_compatible_subtype_case
LISTING_001119,B07PWNJ5LF,Home & Kitchen,B07PJTJNPS,0.884,same_category_compatible_subtype_boot
LISTING_001128,B08511H4VV,Electronics,B0853WG88W,0.853,same_category_compatible_subtype_case
LISTING_001131,B08547MSRK,Electronics,B07TD9942K,0.801,same_category_compatible_subtype_case
LISTING_001132,B0856GDW2Z,Electronics,B07TB548FQ,0.813,same_category_compatible_subtype_case
LISTING_001139,B07WJBFJZZ,Sports,B08F7GR9L5,0.812,same_category_compatible_subtype_light
LISTING_001140,B08DKRDNHN,Sports,B07V2LMDB1,0.91,same_category_variant_mismatch
LISTING_001151,B0776C2D6H,Sports,B01NH5G0CX,0.801,same_category_variant_mismatch
LISTING_001165,B0856G6NYZ,Electronics,B07T36THM7,0.833,same_category_compatible_subtype_case
LISTING_001166,B07NST9S98,Grocery,B07LGYMKPG,1.193,same_category_variant_mismatch
LISTING_001171,B07KZRHSLK,Grocery,B077XKH83H,0.815,same_category_variant_mismatch
LISTING_001172,B07RC7ND9D,Electronics,B08511MKFB,1.167,same_category_compatible_subtype_case
LISTING_001186,B07B4ZFD1C,Furniture,B077PBGBV9,0.865,same_category_variant_mismatch
LISTING_001191,B074H5Z5NV,Grocery,B084ZW9XMC,0.804,same_category_variant_mismatch
LISTING_001193,B07FQWVPQG,Grocery,B075X33RTB,1.185,same_category_variant_mismatch
LISTING_001210,B07SNRM6VP,Automotive,B07XBRRJ3H,0.825,same_category_variant_mismatch
LISTING_001409,B072L41HKL,Toys,B07RWJTJC6,0.829,same_category_compatible_subtype_boot
LISTING_001576,B07SQXBM66,Furniture,B083H3WMT3,0.802,same_category_variant_mismatch
LISTING_001586,B07SLF6QNG,Furniture,B07JHNQLGP,0.802,same_category_compatible_subtype_pan
LISTING_001594,B081FGSKJ2,Sports,B088PNTW8G,0.804,same_category_variant_mismatch
LISTING_001604,B01CUB7G5I,Sports,B0788C71CQ,1.239,same_category_variant_mismatch
LISTING_001606,B08DKRDNHN,Sports,B088PNTW8G,0.882,same_category_variant_mismatch
LISTING_001607,B07HCXJ4ZQ,Sports,B07HP47376,1.268,same_category_variant_mismatch
LISTING_001611,B00NFSCZJS,Sports,B074H6ZXT5,1.216,same_category_variant_mismatch
LISTING_002009,B07PLZH4QD,Grocery,B01MRCT1TG,1.166,same_category_variant_mismatch
LISTING_002031,B07Z58S7LR,Beauty,B073P6DSCR,0.893,same_category_variant_mismatch
LISTING_002241,B087B69598,Furniture,B07B4M364Y,0.812,same_category_variant_mismatch
LISTING_002249,B07HSX72KD,Furniture,B01MTB9W3W,1.3,same_category_variant_mismatch
LISTING_002252,B07HFWK673,Furniture,B0775Z9ZC6,1.247,same_category_variant_mismatch
LISTING_002269,B06VX446WN,Automotive,B07YM1FJ1M,0.896,same_category_compatible_subtype_heel
LISTING_002275,B07TB54592,Electronics,B07TH3LFSD,0.801,same_category_compatible_subtype_case
LISTING_002362,B07JGWPLVB,Toys,B07GT8V1ZF,1.276,same_category_variant_mismatch
LISTING_002407,B07WR363KN,Fashion,B07BDZMGCM,0.915,same_category_variant_mismatch
LISTING_002409,B07TF1FVPJ,Electronics,B0856B2G45,0.81,same_category_compatible_subtype_case
LISTING_002414,B07TG4W6YK,Electronics,B0857KZP81,1.295,same_category_compatible_subtype_case
LISTING_002431,B000W4KEK0,Furniture,B076QFBFS5,1.29,same_category_variant_mismatch
LISTING_002530,B00I8T4J5C,Automotive,B07QC85X9C,0.838,same_category_compatible_subtype_case
LISTING_002531,B07348JQ3L,Automotive,B07RF9QMHS,0.811,same_category_compatible_subtype_cable
LISTING_002532,B07KS1X5JC,Automotive,B07TC2NL5T,0.822,same_category_variant_mismatch
LISTING_002533,B081HN65GM,Electronics,B07TC5V4FH,0.859,same_category_compatible_subtype_case
LISTING_002536,B07QQX57CD,Automotive,B07QXJQNSM,1.248,same_category_compatible_subtype_case
LISTING_002590,B00BHY2NW6,Furniture,B083H3WMT3,1.254,same_category_variant_mismatch
LISTING_002592,B07QVL4P91,Sports,B07MN865KY,0.896,same_category_variant_mismatch
LISTING_002593,B014VBHJ16,Furniture,B07B4W5V3C,0.849,same_category_variant_mismatch
LISTING_002597,B07SQXBM66,Furniture,B07TJSVJ4B,1.286,same_category_variant_mismatch
LISTING_002601,B081HMLWH1,Electronics,B0821FBPLM,1.29,same_category_compatible_subtype_case
LISTING_002729,B00BHY2NW6,Furniture,B07RXR8VTM,0.888,same_category_variant_mismatch
LISTING_002785,B07Z12KRNS,Sports,B07TV73X9C,1.168,same_category_variant_mismatch
LISTING_002787,B079PP759K,Sports,B074H6KTXQ,0.903,same_category_variant_mismatch
LISTING_002792,B07RVY3CSD,Sports,B000ON030U,1.284,same_category_variant_mismatch
LISTING_002805,B07TBV3Q36,Electronics,B07TCWTRG4,1.236,same_category_compatible_subtype_case
LISTING_002809,B0853WYZ2L,Electronics,B07RC7NVFR,0.847,same_category_compatible_subtype_case
LISTING_002814,B0853XV3CF,Electronics,B0857M4NR7,0.843,same_category_compatible_subtype_case
LISTING_002816,B0853WYZ2L,Electronics,B07TCWR6J2,0.881,same_category_compatible_subtype_case
LISTING_002856,B08CBKMR51,Automotive,B074Y7Z7Y7,0.805,same_category_variant_mismatch
LISTING_002864,B07F2X8K62,Furniture,B086XG3X94,0.905,same_category_variant_mismatch
LISTING_002876,B081FGV61K,Automotive,B084KV5BZL,0.824,same_category_variant_mismatch
LISTING_002878,B06XCPVVPS,Furniture,B07R58B8LY,1.229,same_category_compatible_subtype_boot
LISTING_002883,B07M6PKCM3,Furniture,B075NR8HWJ,0.82,same_category_variant_mismatch
LISTING_002890,B07LH5WWFS,Automotive,B083V9H8FY,0.919,same_category_variant_mismatch
LISTING_002901,B0856BDBVR,Electronics,B07TCWSBZC,0.893,same_category_compatible_subtype_case
LISTING_002909,B07SRBSWZB,Books,B0727XS1XC,1.236,same_category_compatible_subtype_light
LISTING_002928,B08511L8W2,Electronics,B07TC6DSKM,0.839,same_category_compatible_subtype_case
LISTING_002929,B07TG4FBJD,Electronics,B07TCWT1TF,0.9,same_category_compatible_subtype_case
LISTING_002930,B0028N6VAA,Automotive,B0050SVN26,0.89,same_category_variant_mismatch
LISTING_003037,B08DFPKK71,Beauty,B07DC9SVK3,0.834,same_category_variant_mismatch
LISTING_003193,B07ND2WQ2M,Furniture,B087QFZJD6,1.271,same_category_variant_mismatch
LISTING_003195,B07NRL7W31,Automotive,B08413HX48,0.873,same_category_variant_mismatch
LISTING_003197,B08CRZ4MLT,Grocery,B08H15MKPY,0.849,same_category_variant_mismatch
LISTING_003201,B07TH2WDBL,Electronics,B07R7WMKXV,0.88,same_category_compatible_subtype_case
LISTING_003216,B07THC6585,Electronics,B07XY758B6,0.892,same_category_compatible_subtype_case
LISTING_003233,B01INAOAZE,Grocery,B074H7J3NG,0.858,same_category_variant_mismatch
LISTING_003240,B001719KM0,Automotive,B07QXJQNSM,1.268,same_category_compatible_subtype_case
LISTING_003256,B07GFFY4TQ,Automotive,B07NHZF2ZW,0.827,same_category_compatible_subtype_light
LISTING_003257,B074KL8RW5,Automotive,B07WL3YXZD,0.894,same_category_variant_mismatch
LISTING_003269,B07TF1H214,Electronics,B084BCT823,0.882,same_category_compatible_subtype_case
LISTING_003277,B07DC4S1JH,Automotive,B07Q5CD9NX,0.829,same_category_variant_mismatch
LISTING_003286,B07HFVGS2X,Automotive,B07DB92HMS,0.877,same_category_variant_mismatch
LISTING_003290,B07W918SNZ,Automotive,B07WNDT987,0.898,same_category_variant_mismatch
LISTING_003292,B07TG4KYTH,Electronics,B07T948SHB,0.906,same_category_compatible_subtype_case
LISTING_003305,B0856GCWXD,Electronics,B08563QSC8,0.868,same_category_compatible_subtype_case
LISTING_003689,B081ZHF9BY,Sports,B07HP1WCVX,1.281,same_category_variant_mismatch
LISTING_003709,B07JB22L8Y,Furniture,B07RHBHNC7,0.825,same_category_variant_mismatch
LISTING_003711,B07WX4VV1M,Furniture,B07JHNQLGP,0.867,same_category_variant_mismatch
LISTING_003715,B07JY3NNPK,Furniture,B00EUL2B16,0.819,same_category_variant_mismatch
LISTING_003718,B08BWXCR9G,Electronics,B08543W591,1.293,same_category_variant_mismatch
LISTING_003793,B07YGJTV8Y,Automotive,B07TC2NL5T,0.864,same_category_variant_mismatch
LISTING_003800,B001719KM0,Automotive,B07QXJQNSM,0.825,same_category_compatible_subtype_case
LISTING_003803,B0179QVBLY,Furniture,B07K35ZXB6,0.832,same_category_variant_mismatch
LISTING_003807,B0735SK5LP,Furniture,B083H3WMT3,0.914,same_category_variant_mismatch
LISTING_003890,B07JW71SJY,Beauty,B07Y9WZK4F,1.218,same_category_variant_mismatch
LISTING_004046,B07TRWSRT1,Electronics,B07T8PYVLJ,0.868,same_category_compatible_subtype_case
LISTING_004059,B0853XF5SG,Electronics,B07TC5X19V,0.807,same_category_compatible_subtype_case
LISTING_004111,B08594XFXX,Automotive,B07HFVGS2X,1.231,same_category_variant_mismatch
LISTING_004227,B08F2DSN5Y,Automotive,B07QQX57CD,0.866,same_category_variant_mismatch
LISTING_004236,B072C5WNZF,Home & Kitchen,B07WDYYL7N,0.833,same_category_variant_mismatch
LISTING_004250,B0853WXDYR,Electronics,B07TB53TQT,0.889,same_category_compatible_subtype_case
LISTING_004268,B07TG3Y24P,Electronics,B07SZ1G2L8,0.85,same_category_compatible_subtype_case
LISTING_004285,B07ZH3GGB8,Furniture,B07RHBHNC7,0.861,same_category_variant_mismatch
LISTING_004325,B07TH2ZX3K,Electronics,B08541FR9Q,0.849,same_category_compatible_subtype_case
LISTING_004326,B0857KZNZV,Electronics,B07TH3ZYWD,0.887,same_category_compatible_subtype_case
LISTING_004581,B081HNHSWS,Electronics,B0856B6Y91,0.832,same_category_compatible_subtype_case
LISTING_004587,B07QHYDDS1,Automotive,B07TC2NL5T,0.816,same_category_variant_mismatch
LISTING_004614,B07348JQ3L,Automotive,B07RF9QMHS,0.876,same_category_compatible_subtype_cable
LISTING_004637,B07J5NJ89T,Fashion,B078966X4Y,0.896,same_category_variant_mismatch
LISTING_004652,B00E1GYAGO,Books,B07G4XWVJT,0.813,same_category_variant_mismatch
LISTING_004657,B017M17DBI,Books,B07YFYCB8C,0.807,same_category_variant_mismatch
LISTING_004715,B00NFSCZJS,Sports,B081ZHF9BY,1.298,same_category_variant_mismatch
LISTING_004952,B07HFVGS2X,Automotive,B074NJGJDS,0.91,same_category_variant_mismatch
LISTING_005017,B07HFVGS2X,Automotive,B074H5Z5VH,0.817,same_category_variant_mismatch
LISTING_005026,B07D58TLCG,Home & Kitchen,B06XFWTP73,0.816,same_category_variant_mismatch
LISTING_005027,B00MTKNJN4,Home & Kitchen,B000M50300,1.151,same_category_variant_mismatch
LISTING_005038,B073P3562J,Home & Kitchen,B07B4Z9PWF,1.291,same_category_compatible_subtype_lamp
LISTING_005045,B07K3SD91T,Sports,B0896LJNLH,0.877,same_category_variant_mismatch
LISTING_005051,B07S8CJGN5,Sports,B083V9Y416,0.859,same_category_variant_mismatch
LISTING_005076,B07R79WR4V,Toys,B076YJ41XD,0.845,same_category_variant_mismatch
LISTING_005083,B07R7X7C3Y,Sports,B07RV874SL,0.919,same_category_variant_mismatch
LISTING_005087,B07CWDLR6P,Sports,B074H5CN2C,1.174,same_category_variant_mismatch
LISTING_005088,B07G5N3WTQ,Sports,B07F2P4PRS,1.166,same_category_variant_mismatch
LISTING_005093,B07765Z6S4,Sports,B00IJSPP32,0.85,same_category_variant_mismatch
LISTING_005095,B07FC68398,Sports,B07TCQVDQ7,1.224,same_category_variant_mismatch
LISTING_005171,B07T22SC1J,Electronics,B07TC5WZJD,0.905,same_category_compatible_subtype_case
LISTING_005173,B073P5QKL4,Automotive,B07TC2NL5T,1.163,same_category_variant_mismatch
LISTING_005198,B07B4M364Y,Furniture,B001BQ1Q9G,0.838,same_category_variant_mismatch
LISTING_005199,B07TBV49LW,Electronics,B07TG4TJ5Q,0.904,same_category_compatible_subtype_case
LISTING_005203,B07QNTWT89,Grocery,B074H6G8CH,1.167,same_category_variant_mismatch
LISTING_005204,B07T811FNP,Electronics,B07TH3G1DH,0.828,same_category_compatible_subtype_case
LISTING_005208,B074MHLW81,Grocery,B07NQKY2B6,1.241,same_category_variant_mismatch
LISTING_005219,B07QFYLZMH,Electronics,B07YZKW8XX,0.828,same_category_variant_mismatch
LISTING_005244,B071L7V8YH,Furniture,B07KR89SZ1,1.214,same_category_variant_mismatch
LISTING_005250,B07FW2NYGJ,Grocery,B07YZXKVG2,0.851,same_category_variant_mismatch
LISTING_005253,B07RXR8VTM,Furniture,B07L3JS4ZX,0.878,same_category_variant_mismatch
LISTING_005265,B07B4W5V3C,Furniture,B083H3WMT3,0.842,same_category_variant_mismatch
LISTING_005334,B0824FH9GS,Home & Kitchen,B07B4Z9PWF,0.861,same_category_compatible_subtype_lamp
LISTING_005343,B083V9N454,Furniture,B074H6PJNG,0.878,same_category_compatible_subtype_pot
LISTING_005419,B074H64QGG,Grocery,B082PLPNC3,0.802,same_category_variant_mismatch
LISTING_005423,B075MHDK89,Grocery,B071GVKWQV,0.806,same_category_variant_mismatch
LISTING_005427,B07TRVT2YT,Electronics,B07TCWSXFX,0.845,same_category_compatible_subtype_case
LISTING_005430,B07TG4WGZ3,Electronics,B08569Y591,0.878,same_category_compatible_subtype_case
LISTING_005432,B0856B3SH6,Electronics,B08569LTST,0.856,same_category_compatible_subtype_case
LISTING_005474,B0829C96XH,Automotive,B074Y7Z7Y7,0.882,same_category_variant_mismatch
LISTING_005482,B07TG4KZ16,Electronics,B07TH2ZG3G,1.224,same_category_compatible_subtype_case
LISTING_005483,B08FJ24XML,Automotive,B08F5G9JDX,0.867,same_category_compatible_subtype_cover
LISTING_005706,B07NRL7W31,Automotive,B00UYIHC1S,0.843,same_category_variant_mismatch
LISTING_005919,B07R7X7C3Y,Sports,B07CMQ36HD,0.831,same_category_variant_mismatch
LISTING_005921,B07765Z6S4,Sports,B00NFSCZJS,0.897,same_category_variant_mismatch
LISTING_005933,B07XBFPJ22,Sports,B07TSKBQ2N,0.905,same_category_variant_mismatch
LISTING_005956,B07MRTC9GX,Sports,B07ZL1R6FZ,1.156,same_category_variant_mismatch
LISTING_005958,B07HCMD4DK,Sports,B00NFSCZJS,1.238,same_category_variant_mismatch
LISTING_005971,B08D9QSQSB,Sports,B08DF8WXRB,0.912,same_category_variant_mismatch
LISTING_005974,B07TPYKD43,Sports,B07TCQVDQ7,0.844,same_category_variant_mismatch
LISTING_005990,B085699TXQ,Electronics,B07TG4XXQ7,0.815,same_category_compatible_subtype_case
LISTING_006103,B074H5ZK94,Grocery,B084ZW9XMC,1.285,same_category_variant_mismatch
LISTING_006216,B07F8CL9PC,Grocery,B07S2ZXM97,0.879,same_category_variant_mismatch
LISTING_006415,B07FKPN65D,Beauty,B07JW71SJY,0.919,same_category_variant_mismatch
LISTING_006440,B08HKSWD64,Toys,B083V9C8D2,1.238,same_category_variant_mismatch
LISTING_006454,B07QDZHPTQ,Fashion,B01NC2W21T,0.919,same_category_variant_mismatch
LISTING_006465,B074H5Z5VH,Automotive,B07HJ9WBTY,0.849,same_category_variant_mismatch
LISTING_006783,B07T3SQM7W,Beauty,B07Y2HPVNH,0.919,same_category_variant_mismatch
LISTING_006938,B074MFQS9B,Beauty,B07RVM74L2,0.888,same_category_variant_mismatch
LISTING_006998,B08CBRNWY7,Home & Kitchen,B072C5WNZF,0.875,same_category_variant_mismatch
LISTING_007133,B07RKKP7K6,Grocery,B082Z3VR84,1.245,same_category_variant_mismatch
LISTING_007220,B06XCPVVPS,Furniture,B07R58B8LY,0.884,same_category_compatible_subtype_boot
LISTING_007225,B01MCZHOXG,Furniture,B07D7NDYW6,0.811,same_category_variant_mismatch
LISTING_007232,B07TH2V4QW,Electronics,B07TG4FXT3,0.901,same_category_compatible_subtype_case
LISTING_007236,B07HMF9H55,Furniture,B0853PH6QH,0.819,same_category_variant_mismatch
LISTING_007238,B01MCZHOXG,Furniture,B084T9X9NN,0.911,same_category_variant_mismatch
LISTING_007245,B07RV85KFN,Automotive,B089W7246L,1.19,same_category_variant_mismatch
LISTING_007262,B07T2516KJ,Electronics,B07T9TND12,1.235,same_category_compatible_subtype_case
LISTING_007263,B0853WV118,Electronics,B07SZ1G2L8,1.226,same_category_compatible_subtype_case
LISTING_007268,B07T8PY4NY,Electronics,B07T6MMGKC,0.91,same_category_compatible_subtype_case
LISTING_007393,B07856X8GZ,Sports,B07765Z6S4,0.81,same_category_variant_mismatch
LISTING_007451,B08569H39W,Electronics,B081HNZT9F,1.211,same_category_compatible_subtype_case
LISTING_007452,B0856BFLQD,Electronics,B08569D754,0.899,same_category_compatible_subtype_case
LISTING_007453,B0896KVCJY,Automotive,B07HP3MJVL,0.841,same_category_variant_mismatch
LISTING_007463,B07G33K5JK,Automotive,B071HQ13TR,0.835,same_category_variant_mismatch
LISTING_007471,B07B9VR6XT,Toys,B00BD27ZE8,0.824,same_category_variant_mismatch
LISTING_007475,B07PHFVK7X,Electronics,B003S9W4ZY,0.829,same_category_compatible_subtype_sheet
LISTING_007482,B0829C96XH,Automotive,B0896KVCJY,1.271,same_category_variant_mismatch
LISTING_007485,B07HFWK673,Furniture,B07HSX72KD,0.872,same_category_variant_mismatch
LISTING_007492,B00M0O47XK,Toys,B08521CGTL,0.856,same_category_variant_mismatch
LISTING_007500,B08569KRZW,Electronics,B07T36TN78,0.911,same_category_compatible_subtype_case
LISTING_007505,B07NGHQF5C,Books,B07GDWV8BV,0.828,same_category_variant_mismatch
LISTING_007520,B0857L5ZGT,Electronics,B07T6V5429,0.89,same_category_compatible_subtype_case
LISTING_007524,B07P5LMG29,Books,B00QNE8PI6,1.22,same_category_variant_mismatch
LISTING_007529,B00OAJ2MRG,Furniture,B07HSX72KD,0.897,same_category_variant_mismatch
LISTING_007850,B07FFG653K,Automotive,B07W4L4DLJ,0.85,same_category_variant_mismatch
LISTING_008031,B07PBZ9CLJ,Electronics,B07TG4SP2D,0.823,same_category_variant_mismatch
LISTING_008134,B07571XTH9,Grocery,B083NSR166,0.805,same_category_variant_mismatch
LISTING_008166,B081HMDFCD,Electronics,B07TH37KN6,0.867,same_category_compatible_subtype_case
LISTING_008252,B07TG4WGC9,Electronics,B07TG4TJ5Q,0.853,same_category_compatible_subtype_case
LISTING_008260,B07JLBF277,Beauty,B08935ZYSB,0.845,same_category_variant_mismatch
LISTING_008266,B074JP8YS1,Automotive,B06VX446WN,0.895,same_category_compatible_subtype_boot
LISTING_008271,B07N43V3JR,Beauty,B08CW6ZFHC,0.81,same_category_variant_mismatch
LISTING_008486,B074J7X1DW,Grocery,B074J6121L,0.814,same_category_variant_mismatch
LISTING_008580,B07TG4FZ7Y,Electronics,B07TG3Z9D7,1.183,same_category_compatible_subtype_case
LISTING_008598,B07P5R3RLM,Automotive,B07W4L4DLJ,1.235,same_category_variant_mismatch
LISTING_008601,B07KR89SZ1,Furniture,B07KR9GKL1,0.819,same_category_compatible_subtype_watch
LISTING_008609,B07K7LZVPT,Furniture,B07KR9WBN7,0.902,same_category_variant_mismatch
LISTING_008610,B07TG4XXSX,Electronics,B08547NT8B,0.892,same_category_compatible_subtype_case
LISTING_008613,B07TC63LNR,Electronics,B0853XDQJ1,0.84,same_category_compatible_subtype_case
LISTING_008688,B07WNDT987,Automotive,B00UYIHC1S,0.844,same_category_variant_mismatch
LISTING_008689,B07FFHHG1Q,Beauty,B083RBVWDK,0.811,same_category_variant_mismatch
LISTING_008690,B07Z58S7LR,Beauty,B01IQU0F28,0.898,same_category_variant_mismatch
LISTING_008697,B0843SF9PV,Beauty,B085218FHV,0.865,same_category_variant_mismatch
LISTING_008854,B07TH2ZG3G,Electronics,B08569VK1F,1.294,same_category_compatible_subtype_case
LISTING_008856,B07DNX9XND,Automotive,B07LH5WWFS,0.864,same_category_variant_mismatch
LISTING_008858,B07B4YVDLQ,Home & Kitchen,B07B4WKMB1,0.86,same_category_variant_mismatch
LISTING_008860,B07HP9D3WM,Furniture,B082RGBJLF,0.848,same_category_variant_mismatch
LISTING_008872,B0843ZFHBS,Home & Kitchen,B07PWNJ5LF,0.909,same_category_variant_mismatch
LISTING_008873,B073HJM3L4,Home & Kitchen,B00MHUTEU8,0.875,same_category_variant_mismatch
LISTING_008874,B08511L8W2,Electronics,B07TC6NT38,1.165,same_category_compatible_subtype_case
LISTING_008982,B085649FDC,Electronics,B0854FKPM5,1.212,same_category_compatible_subtype_case
LISTING_009284,B07XYQ7FWD,Furniture,B0728NW87S,1.178,same_category_variant_mismatch
LISTING_009326,B07NQMJBBX,Beauty,B07SY9ZDJQ,0.908,same_category_variant_mismatch
LISTING_009626,B07TG4T7LK,Electronics,B08569LTST,1.243,same_category_compatible_subtype_case
LISTING_009629,B07TG4C6K7,Electronics,B081HNN7BH,1.242,same_category_compatible_subtype_case
LISTING_009630,B07W34DD5Z,Furniture,B08CK61CKG,0.824,same_category_variant_mismatch
LISTING_009836,B07HK5WXQP,Home & Kitchen,B07XS3K1C2,0.913,same_category_compatible_subtype_light
LISTING_009845,B07MN865KY,Sports,B07J57811F,0.913,same_category_variant_mismatch
LISTING_010012,B07B3XXD3P,Grocery,B07KQKV4YK,0.815,same_category_variant_mismatch
LISTING_010023,B07L8X7SHZ,Electronics,B0857KSTHP,1.232,same_category_variant_mismatch
LISTING_010028,B073P5QKL4,Automotive,B073P5V3BJ,1.217,same_category_variant_mismatch
LISTING_010035,B08511PPBW,Electronics,B07T2K686H,1.28,same_category_compatible_subtype_case
LISTING_010041,B07TSJMRJ3,Automotive,B07DC4S1JH,0.885,same_category_variant_mismatch
LISTING_010043,B084KV5BZL,Automotive,B07C3S9564,0.806,same_category_variant_mismatch
LISTING_010047,B08563T1PX,Electronics,B07P9NWW2Z,0.911,same_category_compatible_subtype_case
LISTING_010049,B0176XCD1W,Automotive,B07RF9QMHS,0.809,same_category_compatible_subtype_cable
LISTING_010055,B0793GS332,Furniture,B0775Z9ZC6,0.905,same_category_variant_mismatch
LISTING_010057,B07PHFVPZR,Automotive,B083TJZFH7,0.89,same_category_variant_mismatch
LISTING_010058,B07TRWNBRN,Electronics,B07TBV47XD,0.846,same_category_compatible_subtype_case
LISTING_010063,B07TRVN9XW,Electronics,B081HNN7SZ,0.847,same_category_compatible_subtype_case
LISTING_010069,B07QBQCG1R,Furniture,B073Q66Y9N,0.827,same_category_variant_mismatch
LISTING_010074,B07FVXRV41,Automotive,B083VB4HGN,0.895,same_category_variant_mismatch
LISTING_010079,B089MY3H5F,Automotive,B07RV85KFN,0.879,same_category_variant_mismatch
LISTING_010090,B07FVXRV41,Automotive,B07348JQ3L,0.819,same_category_variant_mismatch
LISTING_010099,B0857L94CF,Electronics,B0853XBL9K,0.881,same_category_compatible_subtype_case
LISTING_010105,B07VFX7HQZ,Electronics,B07TG4CYGF,0.841,same_category_variant_mismatch
LISTING_010111,B07NHZF2ZW,Automotive,B08FJ24XML,0.808,same_category_compatible_subtype_cover
LISTING_010216,B07HNJFGH4,Furniture,B07QTD9VPM,0.82,same_category_compatible_subtype_light
LISTING_010221,B07HP3MJVL,Automotive,B07FQWL6BC,1.154,same_category_variant_mismatch
LISTING_010234,B07VC3QP7G,Furniture,B075NR8HWJ,0.846,same_category_variant_mismatch
LISTING_010310,B084PYNCQL,Grocery,B074QYFCY4,0.891,same_category_variant_mismatch
LISTING_010358,B07T2K5NXD,Electronics,B07TG4WGZ3,1.299,same_category_compatible_subtype_case
LISTING_010457,B01MUBDMD5,Fashion,B01MR9EEPR,0.886,same_category_compatible_subtype_boot
LISTING_010489,B07TK4NFYV,Fashion,B01MR4MRAE,0.819,same_category_variant_mismatch
LISTING_010497,B07ZH4XWVX,Fashion,B0812BMJQF,0.835,same_category_variant_mismatch
LISTING_010499,B072MTH21W,Fashion,B07PFJ2692,0.891,same_category_compatible_subtype_boot
LISTING_010507,B08935ZYSB,Beauty,B08HC95KQ2,0.811,same_category_variant_mismatch
LISTING_010510,B07Z42HLWV,Beauty,B083V9RS1M,0.812,same_category_variant_mismatch
LISTING_010512,B08CW6ZFHC,Beauty,B083V9RS1M,0.878,same_category_variant_mismatch
LISTING_010515,B07XRVYZ72,Beauty,B07113ZHQH,1.198,same_category_variant_mismatch
LISTING_010518,B07FKPN65D,Beauty,B07Z6MZV53,0.819,same_category_variant_mismatch
LISTING_010524,B084S8V2X3,Beauty,B01DAOM5SW,0.892,same_category_compatible_subtype_heel
LISTING_010527,B001HZYB5W,Beauty,B07Z6MZV53,0.872,same_category_variant_mismatch
LISTING_010896,B07HCW3RJL,Fashion,B01MTFTFME,0.89,same_category_variant_mismatch
LISTING_010968,B07TG4FD2Q,Electronics,B07TC6Q4SH,0.887,same_category_compatible_subtype_case
LISTING_010990,B001719KM0,Automotive,B00I8T4J5C,0.846,same_category_compatible_subtype_case
LISTING_011004,B07R58B8LY,Furniture,B06XCPVVPS,1.223,same_category_compatible_subtype_boot
LISTING_011005,B07H638BDR,Furniture,B082RGBJLF,1.27,same_category_variant_mismatch
LISTING_011010,B082J7BJR9,Electronics,B07NQ46MVV,1.274,same_category_variant_mismatch
LISTING_011031,B07DC4S1JH,Automotive,B07DB92HMS,0.841,same_category_variant_mismatch
LISTING_011034,B0735SK5LP,Furniture,B07FR5RHKS,0.827,same_category_variant_mismatch
LISTING_011039,B0857MQQWR,Electronics,B0853X7Y52,0.803,same_category_compatible_subtype_case
LISTING_011052,B0856BHD1W,Electronics,B07T14TZY3,0.899,same_category_compatible_subtype_case
LISTING_011093,B07P5R3RLM,Automotive,B07WNDT987,0.914,same_category_variant_mismatch
LISTING_011095,B07TCWTFY2,Electronics,B07T36TQT6,1.214,same_category_compatible_subtype_case
LISTING_011108,B0821DLZ36,Electronics,B07TG43XRN,1.157,same_category_compatible_subtype_case
LISTING_011121,B07TG4QZ65,Electronics,B08511HTK7,0.862,same_category_compatible_subtype_case
LISTING_011122,B07JY3NNPK,Furniture,B075WX8GBL,0.888,same_category_variant_mismatch
LISTING_011142,B07TG3JY15,Electronics,B07TC5WZJD,0.898,same_category_compatible_subtype_case
LISTING_011144,B0728NWFGY,Furniture,B074H6PJNG,0.857,same_category_variant_mismatch
LISTING_011156,B0853XFQJR,Electronics,B07TG4V659,1.157,same_category_compatible_subtype_case
LISTING_011159,B00GBVDLMQ,Furniture,B07H638BDR,1.269,same_category_variant_mismatch
LISTING_011164,B07C3S9564,Automotive,B07M5QF79P,1.258,same_category_variant_mismatch
LISTING_011170,B07T14ZD5F,Electronics,B0857L5ZGT,1.275,same_category_compatible_subtype_case
LISTING_011183,B07TCWS91H,Electronics,B07TRX1C1V,0.848,same_category_compatible_subtype_case
LISTING_011186,B0853X5CPP,Electronics,B085452X8H,0.866,same_category_compatible_subtype_case
LISTING_011188,B07Q7SK9FZ,Electronics,B07TBV5BXL,1.249,same_category_compatible_subtype_case
LISTING_011193,B08569X726,Electronics,B0853X5Z32,0.86,same_category_compatible_subtype_case
LISTING_011199,B08549QH8H,Electronics,B0854FR3GZ,0.855,same_category_compatible_subtype_case
LISTING_011203,B07B4M364Y,Furniture,B07GF97GWX,0.813,same_category_variant_mismatch
LISTING_011206,B014VBHJ16,Furniture,B07B4SCB6T,1.289,same_category_variant_mismatch
LISTING_011221,B0028N6SLC,Grocery,B08D4GYB7M,0.89,same_category_compatible_subtype_sheet
LISTING_011223,B07TF1C2CD,Electronics,B081HNG3L5,1.17,same_category_compatible_subtype_case
LISTING_011228,B07ND2WQ2M,Furniture,B083V9N454,0.878,same_category_variant_mismatch
LISTING_011229,B07DZ3PGX5,Grocery,B074H7J2VT,0.914,same_category_variant_mismatch
LISTING_011237,B081HN95CW,Electronics,B07TG4SJQ6,0.805,same_category_compatible_subtype_case
LISTING_011246,B00MCK31G6,Electronics,B07T14ZD5F,0.836,same_category_variant_mismatch
LISTING_011247,B0787GB9T4,Automotive,B07G33K5JK,0.889,same_category_variant_mismatch
LISTING_011254,B07TG4XXYG,Electronics,B081HNDYYN,0.831,same_category_compatible_subtype_case
LISTING_011654,B06XT54PM6,Grocery,B084SFXL9J,0.802,same_category_variant_mismatch
LISTING_011726,B0847WMT5Y,Fashion,B082JH6LSF,0.841,same_category_variant_mismatch
LISTING_011795,B0843SF9PV,Beauty,B072FS1B1Y,1.233,same_category_variant_mismatch
LISTING_011804,B08F7GR9L5,Sports,B07TQ89MMN,0.842,same_category_compatible_subtype_cover
LISTING_011818,B07CWDLR6P,Sports,B07HSLQY2F,0.873,same_category_variant_mismatch
LISTING_011822,B082DS7PJY,Sports,B07WC29SL4,0.829,same_category_variant_mismatch
LISTING_011979,B0757NNBJH,Furniture,B07HSKY87X,0.802,same_category_variant_mismatch
LISTING_011981,B07ZH3GGB8,Furniture,B000W4KEK0,1.164,same_category_variant_mismatch
LISTING_011996,B07TFXSPXM,Beauty,B07DFTS8C2,0.824,same_category_variant_mismatch
LISTING_012002,B08CW6ZFHC,Beauty,B07DDFGFDF,0.874,same_category_variant_mismatch
LISTING_012014,B07DC9SVK3,Beauty,B01DAOM5SW,1.191,same_category_variant_mismatch
LISTING_012018,B084BPLJ6B,Beauty,B079VPP9V4,0.905,same_category_compatible_subtype_light
LISTING_012024,B07TFXSPXM,Beauty,B07B4SC2KW,0.911,same_category_variant_mismatch
LISTING_012025,B086R97RYT,Beauty,B084BPLJ6B,0.855,same_category_variant_mismatch
LISTING_012028,B07W5PZFGS,Beauty,B00SXKUEIC,0.888,same_category_variant_mismatch
LISTING_012038,B07XBRRJ3H,Automotive,B074JP8YS1,0.837,same_category_variant_mismatch
LISTING_012073,B071L7V8YH,Furniture,B075WX8GBL,0.836,same_category_variant_mismatch
LISTING_012087,B07N43V3JR,Beauty,B072FS1B1Y,0.842,same_category_variant_mismatch
LISTING_012089,B075YP4WVQ,Beauty,B07HFX4TYZ,0.907,same_category_variant_mismatch
LISTING_012238,B07Q5CD9NX,Automotive,B07NRL7W31,0.915,same_category_variant_mismatch
LISTING_012247,B00NFSDU1A,Furniture,B073Q66Y9N,0.816,same_category_variant_mismatch
LISTING_012250,B078GYCYVR,Sports,B07HP47376,1.18,same_category_variant_mismatch
LISTING_012257,B0788C71CQ,Sports,B07TCQVDQ7,0.804,same_category_variant_mismatch
LISTING_012262,B07RHBHNC7,Furniture,B07WCGT4ZH,0.82,same_category_variant_mismatch
LISTING_012263,B087QFZJD6,Furniture,B07SPG62XZ,0.831,same_category_variant_mismatch
LISTING_012265,B07DBDX5VT,Furniture,B07DBFT2YG,1.235,same_category_variant_mismatch
LISTING_012270,B071PDYKYB,Furniture,B07M6PKCQQ,0.849,same_category_variant_mismatch
LISTING_012282,B082B165WW,Sports,B07Z9CZFPW,1.15,same_category_variant_mismatch
LISTING_012296,B07856X8GZ,Sports,B01NBRN0SK,0.862,same_category_variant_mismatch
LISTING_012303,B088KMS9CC,Sports,B001UHOWTM,0.816,same_category_variant_mismatch
LISTING_012308,B07ZC8581G,Automotive,B07WNDT987,0.873,same_category_variant_mismatch
LISTING_012313,B07XDXJ1BL,Sports,B082B165WW,1.225,same_category_variant_mismatch
LISTING_012320,B0876WKGZ8,Grocery,B081K4FPSR,0.913,same_category_variant_mismatch
LISTING_012589,B077FYLCLN,Fashion,B07WP76J5R,0.867,same_category_variant_mismatch
LISTING_012833,B000T2UXLU,Automotive,B07PHFVPZR,1.259,same_category_variant_mismatch
LISTING_012839,B07TPCQH24,Electronics,B07TB54XSS,0.8,same_category_compatible_subtype_case
LISTING_013117,B07TBV1CVJ,Electronics,B07TF1FVLH,0.874,same_category_compatible_subtype_case
LISTING_013120,B07TCWWJC1,Electronics,B07TG42WV5,0.912,same_category_compatible_subtype_case
LISTING_013213,B07T3SQM7W,Beauty,B085218FHV,0.807,same_category_variant_mismatch
LISTING_013242,B016MNOYA0,Beauty,B01DAOM5SW,0.821,same_category_compatible_subtype_cover
LISTING_013363,B07TG4J86J,Electronics,B081HMV1NC,0.848,same_category_compatible_subtype_case
LISTING_013370,B07WR363KN,Fashion,B07DJD4T2F,1.217,same_category_variant_mismatch
LISTING_013392,B084BD27NF,Electronics,B07TG4BJ3Y,0.872,same_category_compatible_subtype_case
LISTING_013398,B07FJVXVNW,Automotive,B07MHD9DJX,0.847,same_category_variant_mismatch
LISTING_013418,B08541S6VR,Electronics,B0856BC4FC,1.185,same_category_compatible_subtype_case
LISTING_013521,B07QHYDDS1,Automotive,B08594XFXX,0.917,same_category_variant_mismatch
LISTING_013523,B07KS1X5JC,Automotive,B07YM1FJ1M,1.229,same_category_variant_mismatch
LISTING_013529,B07HSKY87X,Furniture,B071W6RGSN,0.804,same_category_variant_mismatch
LISTING_013530,B07PCZ6T36,Toys,B087MDYP24,0.871,same_category_variant_mismatch
LISTING_013532,B07JMXFNXM,Furniture,B01KTVT57I,0.863,same_category_variant_mismatch
LISTING_013540,B08547YSF4,Electronics,B081HMKWQ4,0.844,same_category_compatible_subtype_case
LISTING_013576,B072R4W7KC,Furniture,B082Q21DTJ,0.875,same_category_variant_mismatch
LISTING_013745,B07B4W2GRG,Automotive,B08CBKMR51,0.856,same_category_variant_mismatch
LISTING_013754,B07H6C2C5N,Furniture,B08BJXFJ7D,0.878,same_category_variant_mismatch
LISTING_013788,B07H8PS46Q,Furniture,B07C5PRQHN,0.902,same_category_variant_mismatch
LISTING_013807,B075NR8HWJ,Furniture,B07L3JS4ZX,1.214,same_category_variant_mismatch
LISTING_013808,B074H81MJC,Toys,B07PY3Z3DV,0.85,same_category_variant_mismatch
LISTING_013810,B001BQMX8Y,Furniture,B07XL36C6P,0.904,same_category_variant_mismatch
LISTING_013816,B07HCWL22N,Toys,B078VTMYYF,0.823,same_category_variant_mismatch
LISTING_014000,B07K77HZNC,Grocery,B06ZZ66NY1,0.894,same_category_compatible_subtype_cover
LISTING_014007,B0821FBPLM,Electronics,B07TJVSBV1,1.283,same_category_compatible_subtype_case
LISTING_014013,B0793GS332,Furniture,B076QFBFS5,0.888,same_category_variant_mismatch
LISTING_014014,B074DDQ629,Furniture,B07SMJY29H,0.887,same_category_variant_mismatch
LISTING_014027,B002KMI990,Furniture,B071L7V8YH,0.872,same_category_variant_mismatch
LISTING_014031,B07T811FNP,Electronics,B07TC5V4FH,0.83,same_category_compatible_subtype_case
LISTING_014042,B07XYNVF6L,Automotive,B0176XCD1W,0.875,same_category_compatible_subtype_light
LISTING_014118,B07T22H7D8,Electronics,B07TC5V4FH,0.856,same_category_compatible_subtype_case
LISTING_014124,B07TCWS542,Electronics,B07RC7NVFR,0.868,same_category_compatible_subtype_case
LISTING_014125,B07B4W2GRG,Automotive,B07QQX57CD,1.247,same_category_variant_mismatch
LISTING_014130,B07TG4KM33,Electronics,B081HN9MJ9,0.829,same_category_compatible_subtype_case
LISTING_014133,B07JMXFNXM,Furniture,B077PBGBV9,0.89,same_category_variant_mismatch
LISTING_014139,B084QR7KC6,Electronics,B0856B6WFT,1.26,same_category_compatible_subtype_case
LISTING_014158,B07P5R3RLM,Automotive,B07TC2NL5T,0.859,same_category_variant_mismatch
LISTING_014159,B07RB6Y281,Electronics,B081HN9DRZ,0.834,same_category_compatible_subtype_case
LISTING_014205,B08GZC6DYW,Fashion,B07R58Y1NJ,0.833,same_category_variant_mismatch
LISTING_014271,B0725Z9MX3,Home & Kitchen,B00JGQESSY,0.845,same_category_variant_mismatch
LISTING_014275,B07HCRTPBD,Home & Kitchen,B074JPC2R2,1.174,same_category_variant_mismatch
LISTING_014277,B07PMBKJ13,Home & Kitchen,B019ZMJTVE,0.851,same_category_variant_mismatch
LISTING_014278,B07HKVCVNB,Home & Kitchen,B08B7XQDPP,0.873,same_category_variant_mismatch
LISTING_014282,B074H6ZXT5,Sports,B073HMPC4C,1.224,same_category_compatible_subtype_light
LISTING_014352,B07TC5SVN3,Electronics,B07T8Q1W95,0.815,same_category_compatible_subtype_case
LISTING_014381,B07RDQJG32,Fashion,B07RTKVZKC,0.91,same_category_compatible_subtype_shoe
LISTING_014407,B07WGPBBTV,Fashion,B072FM1Q8N,0.89,same_category_variant_mismatch
LISTING_014437,B08141JJ5P,Books,B07FBDQGTS,0.862,same_category_variant_mismatch
LISTING_014461,B08547MSRK,Electronics,B0853WZ9JD,0.875,same_category_compatible_subtype_case
LISTING_014898,B06VX446WN,Automotive,B07YM1FJ1M,0.906,same_category_compatible_subtype_heel
LISTING_014948,B07SM8WX1X,Furniture,B01KTVT57I,0.84,same_category_variant_mismatch
LISTING_015097,B0728NWFGY,Furniture,B07MF1SRH5,0.91,same_category_variant_mismatch
LISTING_015123,B07M6PKCQQ,Furniture,B013R3P2KE,0.898,same_category_variant_mismatch
LISTING_015182,B07PDYW6VM,Grocery,B07RWDGGSH,0.892,same_category_compatible_subtype_speaker
LISTING_015368,B01MTEIBYL,Fashion,B078966X4Y,0.863,same_category_compatible_subtype_heel
LISTING_015370,B07L8RQ7BW,Fashion,B08CKS6LH5,0.833,same_category_variant_mismatch
LISTING_015374,B07914BSLG,Fashion,B01MZGJMOJ,0.87,same_category_variant_mismatch
LISTING_015377,B07FS8RDT5,Fashion,B01MTEI8M6,0.824,same_category_variant_mismatch
LISTING_015388,B07XYNVF6L,Automotive,B0176XCD1W,0.86,same_category_compatible_subtype_light
LISTING_015395,B07HSX72KD,Furniture,B085LQZS9J,0.807,same_category_variant_mismatch
LISTING_015402,B084LLQH9N,Fashion,B0749V8TD8,0.818,same_category_variant_mismatch
LISTING_015408,B07VC3QP7G,Furniture,B01MCZHOXG,0.908,same_category_variant_mismatch
LISTING_015409,B01N4Q9DLB,Automotive,B08F5G9JDX,1.17,same_category_variant_mismatch
LISTING_015477,B083TJZFH7,Automotive,B07R8DTMF6,0.905,same_category_variant_mismatch
LISTING_015725,B07B1P28GK,Grocery,B0752GQ94S,0.83,same_category_variant_mismatch
LISTING_015726,B078ZML314,Grocery,B01HE0W1IC,0.879,same_category_variant_mismatch
LISTING_015727,B07CX8VMX8,Grocery,B074H5J9JV,0.901,same_category_variant_mismatch
LISTING_015756,B088KMS9CC,Sports,B07856X8GZ,1.158,same_category_variant_mismatch
LISTING_015762,B07TCQVDQ7,Sports,B01MS9NS2U,0.808,same_category_variant_mismatch
LISTING_015801,B07T7KLGM1,Electronics,B07TG4V6QF,0.809,same_category_compatible_subtype_case
LISTING_015805,B07T36TN78,Electronics,B0853WLRWD,0.852,same_category_compatible_subtype_case
LISTING_015839,B0856B9SX2,Electronics,B07TG41LB8,0.832,same_category_compatible_subtype_case
LISTING_016282,B07K7NYB8K,Books,B07XFWWS4K,0.872,same_category_variant_mismatch
LISTING_016319,B00UYIHC1S,Automotive,B073P5V3BJ,1.17,same_category_variant_mismatch
LISTING_016324,B07K6S2G6J,Books,B084C391Z7,0.805,same_category_compatible_subtype_drawer
LISTING_016334,B07T36R7P2,Electronics,B07R5VCKQZ,0.905,same_category_compatible_subtype_case
LISTING_016339,B07GWHQFVF,Automotive,B07MHD9DJX,0.905,same_category_variant_mismatch
LISTING_016343,B0854CLBRF,Electronics,B07TH2ZG3G,0.892,same_category_compatible_subtype_case
LISTING_016344,B081HNP4FJ,Electronics,B085635TJH,0.836,same_category_compatible_subtype_case
LISTING_016432,B074KL8RW5,Automotive,B07QXJQNSM,0.907,same_category_variant_mismatch
LISTING_016447,B07TF1GKT4,Electronics,B07TG4XKJT,1.191,same_category_compatible_subtype_case
LISTING_016453,B07JB22L8Y,Furniture,B074MH3FM1,0.85,same_category_variant_mismatch
LISTING_016464,B013R3P2KE,Furniture,B086XJZVY1,1.24,same_category_variant_mismatch
LISTING_016562,B01MRCT1TG,Grocery,B001MM71KW,0.802,same_category_variant_mismatch
LISTING_016624,B07YSWZ444,Toys,B08331ZYB2,1.18,same_category_variant_mismatch
LISTING_016625,B073P1S8VZ,Beauty,B07CQ81MY2,0.818,same_category_variant_mismatch
LISTING_016628,B07DC9SVK3,Beauty,B07QH7L26M,0.89,same_category_variant_mismatch
LISTING_016656,B07DC4S1JH,Automotive,B07F2C7GVT,0.887,same_category_variant_mismatch
LISTING_016666,B07T36T9FT,Electronics,B07TG4VKY8,0.87,same_category_compatible_subtype_case
LISTING_016679,B07GDQQF7G,Automotive,B000T2UXLU,1.188,same_category_variant_mismatch
LISTING_016683,B083V9H8FY,Automotive,B07HFVGS2X,0.82,same_category_variant_mismatch
LISTING_016685,B00UYIHC1S,Automotive,B07XBRRJ3H,0.912,same_category_variant_mismatch
LISTING_016695,B07FVXRV41,Automotive,B07DNX9XND,0.826,same_category_variant_mismatch
LISTING_016707,B07DB92HMS,Automotive,B000X1T1E2,0.826,same_category_compatible_subtype_pillow
LISTING_016710,B07FD7754F,Furniture,B00477523C,0.827,same_category_variant_mismatch
LISTING_016713,B001BQ1PKG,Automotive,B085GLJTJ9,0.865,same_category_variant_mismatch
LISTING_016777,B08283F14G,Toys,B073P5PZ5P,1.241,same_category_variant_mismatch
LISTING_016799,B07357GJJM,Toys,B0876K72VK,1.293,same_category_variant_mismatch
LISTING_016860,B07TC6DS3H,Electronics,B07TC6DSKM,0.828,same_category_compatible_subtype_case
LISTING_016876,B07T811FNP,Electronics,B07T33ZPK3,1.164,same_category_compatible_subtype_case
LISTING_016896,B07PV391X6,Books,B08752NYY7,0.821,same_category_compatible_subtype_shoe
LISTING_017031,B08283F14G,Toys,B07RKLJW68,0.862,same_category_variant_mismatch
LISTING_017045,B07JQWN95V,Toys,B00BD27ZE8,1.229,same_category_variant_mismatch
LISTING_017096,B07BL67YXK,Books,B074M9NTBN,0.839,same_category_variant_mismatch
LISTING_017230,B075FSCJJ4,Furniture,B073Q66Y9N,0.861,same_category_variant_mismatch
LISTING_017236,B07T7KPCM1,Electronics,B07TG4FXT3,0.817,same_category_compatible_subtype_case
LISTING_017244,B07ND2WQ2M,Furniture,B075YLSBMR,1.16,same_category_variant_mismatch
LISTING_017246,B075YLXVJC,Fashion,B07J24X2GM,0.907,same_category_variant_mismatch
LISTING_017247,B07QMQMQQ8,Furniture,B0735SK5LP,0.881,same_category_variant_mismatch
LISTING_017251,B07Y39SG9K,Fashion,B07SZHH5KF,0.896,same_category_variant_mismatch
LISTING_017258,B07TC6NT38,Electronics,B07TBV4F8H,0.872,same_category_compatible_subtype_case
LISTING_017668,B06XC8PVQG,Fashion,B085DGHJQG,0.84,same_category_variant_mismatch
LISTING_017775,B07978X1MS,Home & Kitchen,B075X4QMW7,0.898,same_category_variant_mismatch
LISTING_017857,B07T8PXX62,Electronics,B081HLWDLD,1.222,same_category_compatible_subtype_case
LISTING_017860,B07JLZC571,Beauty,B07DC9SVK3,0.904,same_category_variant_mismatch
LISTING_017876,B075YP4WVQ,Beauty,B07VV764LH,0.868,same_category_variant_mismatch
LISTING_017892,B001BQ1PKG,Automotive,B083TJZFH7,0.812,same_category_variant_mismatch
LISTING_017908,B074MFQS9B,Beauty,B07LH66JVP,1.279,same_category_variant_mismatch
LISTING_017914,B00NFSDU1A,Furniture,B07QTD9VPM,1.173,same_category_variant_mismatch
LISTING_018101,B078VTMYYF,Toys,B07X41KJK8,0.835,same_category_variant_mismatch
LISTING_018352,B07T7ZZ777,Electronics,B07TB56Z9X,0.901,same_category_compatible_subtype_case
LISTING_018455,B0812BSVST,Fashion,B071PDTMR5,1.261,same_category_variant_mismatch
LISTING_018539,B0179QVBLY,Furniture,B075X33RZL,1.164,same_category_variant_mismatch
LISTING_018626,B082HS9MHY,Furniture,B073Q66Y9N,0.894,same_category_variant_mismatch
LISTING_018636,B07WT4JL8Y,Electronics,B08569XTH2,0.801,same_category_compatible_subtype_case
LISTING_018641,B00FXW7SIM,Furniture,B014VBHJ16,0.91,same_category_variant_mismatch
LISTING_018670,B07TCWV2WB,Electronics,B0821DSC9K,0.811,same_category_compatible_subtype_case
LISTING_019210,B071PDYKYB,Furniture,B07QTD9VPM,0.814,same_category_variant_mismatch
LISTING_019217,B07D7NDYW6,Furniture,B07NR2M291,0.813,same_category_variant_mismatch
LISTING_019235,B081HMDFCD,Electronics,B0856B6Y91,1.282,same_category_compatible_subtype_case
LISTING_019252,B00UYIHC1S,Automotive,B07HJ9WBTY,1.276,same_category_variant_mismatch
LISTING_019336,B07V5L7NQ3,Books,B0852134N2,0.83,same_category_variant_mismatch
LISTING_019344,B0856BDBVR,Electronics,B0853X8GJG,0.899,same_category_compatible_subtype_case
LISTING_019368,B0853X24WM,Electronics,B0856B1ZLY,0.916,same_category_compatible_subtype_case
LISTING_019373,B0854LBLS5,Electronics,B0853WPBLK,1.231,same_category_compatible_subtype_case
LISTING_019383,B073P5XJLH,Sports,B078GYCYVR,0.862,same_category_variant_mismatch
LISTING_019386,B07TMH6289,Furniture,B0853PH6QH,1.199,same_category_compatible_subtype_light
LISTING_019387,B07TBV51PB,Electronics,B07T948JTG,0.813,same_category_compatible_subtype_case
LISTING_019392,B01GHWPM2A,Automotive,B089MY3H5F,0.894,same_category_variant_mismatch
LISTING_019395,B08547MSG8,Electronics,B081HM4615,0.856,same_category_compatible_subtype_case
LISTING_019400,B003ZFT6NO,Sports,B07HJ9WBW8,0.861,same_category_variant_mismatch
LISTING_019784,B00UYIHC1S,Automotive,B0896KVCJY,0.842,same_category_variant_mismatch
LISTING_019793,B00CLCNAW0,Electronics,B07GTDZJPF,1.228,same_category_compatible_subtype_sheet
LISTING_019800,B07TH3ZYWX,Electronics,B08569D754,0.896,same_category_compatible_subtype_case
LISTING_019803,B07H132Y5R,Sports,B0731CHZWN,0.839,same_category_variant_mismatch
LISTING_019813,B00NFSD0PG,Sports,B089NWHRFM,0.878,same_category_variant_mismatch
LISTING_019824,B07XBRRJ3H,Automotive,B083V9H8FY,0.902,same_category_variant_mismatch
LISTING_019829,B084CC8GLC,Sports,B07QJP9JHH,0.858,same_category_compatible_subtype_light
LISTING_019843,B07D6BYW4R,Automotive,B07RV85KFN,0.802,same_category_variant_mismatch
LISTING_019848,B01CUB7G5I,Sports,B089NWHRFM,1.3,same_category_variant_mismatch
LISTING_019849,B0854D6T67,Electronics,B0856B6WFT,0.848,same_category_compatible_subtype_case
LISTING_019853,B07RHBHNC7,Furniture,B07WKLBVMR,0.832,same_category_variant_mismatch
LISTING_019855,B07H6C2C5N,Furniture,B07QFRSLZB,0.83,same_category_variant_mismatch
LISTING_019859,B07WCGT4ZH,Furniture,B07TMH6289,0.825,same_category_compatible_subtype_light
LISTING_019878,B0857L2BNS,Electronics,B08569YLNN,1.297,same_category_compatible_subtype_case
LISTING_019879,B07RDZDBXS,Automotive,B07FWNBD25,0.851,same_category_variant_mismatch
LISTING_019889,B07BHFLJGV,Furniture,B07JGPK68C,0.862,same_category_variant_mismatch
