seller_id,signup_date,address_id,category_focus,trust_score_current,total_listings,total_orders_received,account_status
SELLER_00000,2025-08-23,ADDR_000190,Fashion,70.0,27,0,active
SELLER_00001,2025-04-19,ADDR_000652,Automotive,70.0,40,0,active
SELLER_00002,2025-03-15,ADDR_002480,Beauty,70.0,15,0,active
SELLER_00003,2025-01-11,ADDR_001574,Home & Kitchen,70.0,27,0,active
SELLER_00004,2025-02-11,ADDR_001515,Furniture,70.0,8,0,active
SELLER_00005,2025-01-13,ADDR_000126,Furniture,70.0,6,0,active
SELLER_00006,2025-01-01,ADDR_001486,Beauty,70.0,22,0,active
SELLER_00007,2025-05-16,ADDR_002448,Electronics,70.0,36,0,active
SELLER_00008,2025-01-07,ADDR_001258,Home & Kitchen,70.0,17,0,active
SELLER_00009,2025-03-31,ADDR_002905,Toys,70.0,83,0,active
SELLER_00010,2025-01-11,ADDR_001440,Electronics,70.0,25,0,active
SELLER_00011,2025-04-15,ADDR_002400,Home & Kitchen,70.0,20,0,active
SELLER_00012,2025-01-31,ADDR_001165,Fashion,70.0,47,0,active
SELLER_00013,2025-01-08,ADDR_001808,Furniture,70.0,36,0,active
SELLER_00014,2025-01-21,ADDR_000926,Beauty,70.0,13,0,active
SELLER_00015,2025-01-06,ADDR_000288,Beauty,70.0,12,0,active
SELLER_00016,2025-03-21,ADDR_004050,Sports,70.0,372,0,active
SELLER_00017,2025-01-03,ADDR_004288,Electronics,70.0,73,0,active
SELLER_00018,2025-03-28,ADDR_001635,Toys,70.0,23,0,active
SELLER_00019,2025-01-13,ADDR_001145,Furniture,70.0,54,0,active
SELLER_00020,2025-01-04,ADDR_002321,Automotive,70.0,37,0,active
SELLER_00021,2025-02-25,ADDR_002881,Home & Kitchen,70.0,131,0,active
SELLER_00022,2025-02-03,ADDR_004324,Electronics,70.0,36,0,active
SELLER_00023,2025-05-30,ADDR_004880,Grocery,70.0,40,0,active
SELLER_00024,2025-01-01,ADDR_004141,Automotive,70.0,141,0,active
SELLER_00025,2025-03-09,ADDR_001216,Furniture,70.0,10,0,active
SELLER_00026,2025-02-11,ADDR_001338,Toys,70.0,84,0,active
SELLER_00027,2025-03-20,ADDR_004275,Sports,70.0,9,0,active
SELLER_00028,2025-01-24,ADDR_003856,Grocery,70.0,73,0,active
SELLER_00029,2025-03-05,ADDR_004799,Books,70.0,7,0,active
SELLER_00030,2025-01-05,ADDR_000107,Grocery,70.0,23,0,active
SELLER_00031,2025-04-20,ADDR_003598,Home & Kitchen,70.0,27,0,active
SELLER_00032,2025-01-05,ADDR_000202,Furniture,70.0,39,0,active
SELLER_00033,2025-01-07,ADDR_001843,Electronics,70.0,33,0,active
SELLER_00034,2025-03-12,ADDR_000956,Electronics,70.0,23,0,active
SELLER_00035,2025-03-26,ADDR_004840,Books,70.0,6,0,active
SELLER_00036,2025-03-28,ADDR_002403,Toys,70.0,101,0,active
SELLER_00037,2025-01-29,ADDR_000835,Toys,70.0,24,0,active
SELLER_00038,2025-01-24,ADDR_000481,Furniture,70.0,33,0,active
SELLER_00039,2025-03-21,ADDR_002677,Automotive,70.0,12,0,active
SELLER_00040,2025-02-11,ADDR_001716,Grocery,70.0,60,0,active
SELLER_00041,2025-02-16,ADDR_001577,Fashion,70.0,11,0,active
SELLER_00042,2025-01-09,ADDR_004867,Electronics,70.0,25,0,active
SELLER_00043,2025-01-26,ADDR_001665,Fashion,70.0,14,0,active
SELLER_00044,2025-01-19,ADDR_001464,Books,70.0,42,0,active
SELLER_00045,2025-08-27,ADDR_004163,Grocery,70.0,26,0,active
SELLER_00046,2025-01-06,ADDR_000691,Grocery,70.0,46,0,active
SELLER_00047,2025-01-22,ADDR_002929,Fashion,70.0,26,0,active
SELLER_00048,2025-03-23,ADDR_002222,Home & Kitchen,70.0,12,0,active
SELLER_00049,2025-02-07,ADDR_001895,Beauty,70.0,109,0,active
SELLER_00050,2025-11-04,ADDR_004403,Books,70.0,27,0,active
SELLER_00051,2025-04-20,ADDR_000732,Electronics,70.0,40,0,active
SELLER_00052,2025-01-26,ADDR_001283,Automotive,70.0,29,0,active
SELLER_00053,2025-02-01,ADDR_001730,Electronics,70.0,13,0,active
SELLER_00054,2025-01-22,ADDR_002727,Toys,70.0,62,0,active
SELLER_00055,2025-02-25,ADDR_002308,Furniture,70.0,18,0,active
SELLER_00056,2025-03-26,ADDR_004211,Fashion,70.0,51,0,active
SELLER_00057,2025-02-03,ADDR_003978,Books,70.0,34,0,active
SELLER_00058,2025-01-04,ADDR_002738,Toys,70.0,39,0,active
SELLER_00059,2025-08-17,ADDR_000422,Automotive,70.0,17,0,active
SELLER_00060,2025-03-20,ADDR_002862,Toys,70.0,5,0,active
SELLER_00061,2025-01-01,ADDR_003714,Automotive,70.0,37,0,active
SELLER_00062,2025-06-26,ADDR_000930,Sports,70.0,25,0,active
SELLER_00063,2025-01-31,ADDR_000160,Fashion,70.0,13,0,active
SELLER_00064,2025-03-02,ADDR_002327,Books,70.0,23,0,active
SELLER_00065,2025-01-02,ADDR_000444,Furniture,70.0,130,0,active
SELLER_00066,2025-01-22,ADDR_002103,Sports,70.0,49,0,active
SELLER_00067,2025-07-19,ADDR_004741,Automotive,70.0,44,0,active
SELLER_00068,2025-09-22,ADDR_003334,Automotive,70.0,37,0,active
SELLER_00069,2025-05-29,ADDR_003117,Books,70.0,26,0,active
SELLER_00070,2025-04-05,ADDR_002527,Grocery,70.0,23,0,active
SELLER_00071,2025-01-02,ADDR_000418,Toys,70.0,30,0,active
SELLER_00072,2025-01-02,ADDR_001999,Automotive,70.0,10,0,active
SELLER_00073,2025-02-04,ADDR_001702,Beauty,70.0,40,0,active
SELLER_00074,2025-01-29,ADDR_004749,Toys,70.0,30,0,active
SELLER_00075,2025-02-19,ADDR_000928,Electronics,70.0,28,0,active
SELLER_00076,2025-01-08,ADDR_000474,Fashion,70.0,16,0,active
SELLER_00077,2025-01-08,ADDR_004809,Toys,70.0,76,0,active
SELLER_00078,2025-09-21,ADDR_001858,Grocery,70.0,69,0,active
SELLER_00079,2025-05-08,ADDR_000645,Electronics,70.0,64,0,active
SELLER_00080,2025-03-04,ADDR_004605,Electronics,70.0,38,0,active
SELLER_00081,2025-02-19,ADDR_003551,Electronics,70.0,22,0,active
SELLER_00082,2025-01-02,ADDR_001099,Toys,70.0,20,0,active
SELLER_00083,2025-03-01,ADDR_001970,Beauty,70.0,51,0,active
SELLER_00084,2025-03-29,ADDR_003111,Electronics,70.0,80,0,active
SELLER_00085,2025-03-18,ADDR_000416,Grocery,70.0,25,0,active
SELLER_00086,2025-01-01,ADDR_001516,Toys,70.0,11,0,active
SELLER_00087,2025-02-06,ADDR_000576,Electronics,70.0,43,0,active
SELLER_00088,2025-04-04,ADDR_004833,Books,70.0,38,0,active
SELLER_00089,2025-02-13,ADDR_002397,Furniture,70.0,33,0,active
SELLER_00090,2025-05-07,ADDR_002129,Sports,70.0,9,0,active
SELLER_00091,2025-04-09,ADDR_003693,Furniture,70.0,28,0,active
SELLER_00092,2025-02-25,ADDR_001618,Sports,70.0,74,0,active
SELLER_00093,2025-09-28,ADDR_002812,Electronics,70.0,21,0,active
SELLER_00094,2025-04-04,ADDR_003793,Fashion,70.0,23,0,active
SELLER_00095,2025-04-03,ADDR_004696,Electronics,70.0,24,0,active
SELLER_00096,2025-01-16,ADDR_003903,Beauty,70.0,32,0,active
SELLER_00097,2025-02-14,ADDR_000777,Beauty,70.0,14,0,active
SELLER_00098,2025-01-02,ADDR_004309,Sports,70.0,17,0,active
SELLER_00099,2025-01-02,ADDR_002953,Sports,70.0,28,0,active
SELLER_00100,2025-01-01,ADDR_001686,Automotive,70.0,73,0,active
SELLER_00101,2025-04-06,ADDR_000620,Electronics,70.0,81,0,active
SELLER_00102,2025-01-04,ADDR_002723,Automotive,70.0,25,0,active
SELLER_00103,2025-01-30,ADDR_004872,Home & Kitchen,70.0,10,0,active
SELLER_00104,2025-01-25,ADDR_000212,Furniture,70.0,10,0,active
SELLER_00105,2025-01-15,ADDR_000869,Fashion,70.0,23,0,active
SELLER_00106,2025-02-06,ADDR_003346,Fashion,70.0,8,0,active
SELLER_00107,2025-01-01,ADDR_001551,Fashion,70.0,43,0,active
SELLER_00108,2025-06-03,ADDR_003202,Home & Kitchen,70.0,55,0,active
SELLER_00109,2025-01-30,ADDR_004016,Furniture,70.0,45,0,active
SELLER_00110,2025-10-08,ADDR_001674,Sports,70.0,22,0,active
SELLER_00111,2025-02-28,ADDR_000550,Fashion,70.0,23,0,active
SELLER_00112,2025-03-24,ADDR_000276,Books,70.0,89,0,active
SELLER_00113,2025-01-19,ADDR_001190,Toys,70.0,68,0,active
SELLER_00114,2025-01-04,ADDR_001177,Grocery,70.0,33,0,active
SELLER_00115,2025-06-09,ADDR_000247,Grocery,70.0,36,0,active
SELLER_00116,2025-04-13,ADDR_003739,Grocery,70.0,24,0,active
SELLER_00117,2025-04-15,ADDR_003882,Fashion,70.0,23,0,active
SELLER_00118,2025-01-05,ADDR_004400,Sports,70.0,8,0,active
SELLER_00119,2025-04-10,ADDR_000971,Books,70.0,12,0,active
SELLER_00120,2025-04-11,ADDR_001780,Toys,70.0,47,0,active
SELLER_00121,2025-01-04,ADDR_001959,Furniture,70.0,8,0,active
SELLER_00122,2025-01-25,ADDR_002543,Furniture,70.0,70,0,active
SELLER_00123,2025-01-31,ADDR_001033,Automotive,70.0,233,0,active
SELLER_00124,2025-02-01,ADDR_003608,Home & Kitchen,70.0,48,0,active
SELLER_00125,2025-01-06,ADDR_002052,Toys,70.0,36,0,active
SELLER_00126,2025-01-01,ADDR_000018,Automotive,70.0,65,0,active
SELLER_00127,2025-08-16,ADDR_003378,Home & Kitchen,70.0,11,0,active
SELLER_00128,2025-08-24,ADDR_002923,Grocery,70.0,90,0,active
SELLER_00129,2025-03-08,ADDR_001423,Home & Kitchen,70.0,19,0,active
SELLER_00130,2025-04-06,ADDR_001609,Fashion,70.0,31,0,active
SELLER_00131,2025-03-08,ADDR_000917,Home & Kitchen,70.0,20,0,active
SELLER_00132,2025-03-04,ADDR_002758,Furniture,70.0,17,0,active
SELLER_00133,2025-01-10,ADDR_004817,Furniture,70.0,8,0,active
SELLER_00134,2025-04-19,ADDR_001482,Automotive,70.0,21,0,active
SELLER_00135,2025-01-29,ADDR_001744,Home & Kitchen,70.0,32,0,active
SELLER_00136,2025-01-23,ADDR_001725,Grocery,70.0,16,0,active
SELLER_00137,2025-01-21,ADDR_000536,Home & Kitchen,70.0,18,0,active
SELLER_00138,2025-08-06,ADDR_002684,Fashion,70.0,38,0,active
SELLER_00139,2025-01-17,ADDR_000641,Home & Kitchen,70.0,10,0,active
SELLER_00140,2025-01-09,ADDR_003074,Fashion,70.0,23,0,active
SELLER_00141,2025-04-07,ADDR_004333,Books,70.0,86,0,active
SELLER_00142,2025-04-07,ADDR_003113,Books,70.0,16,0,active
SELLER_00143,2025-02-01,ADDR_001297,Electronics,70.0,127,0,active
SELLER_00144,2025-04-13,ADDR_002234,Fashion,70.0,10,0,active
SELLER_00145,2025-01-23,ADDR_000101,Sports,70.0,6,0,active
SELLER_00146,2025-01-20,ADDR_002732,Fashion,70.0,44,0,active
SELLER_00147,2025-04-05,ADDR_002588,Automotive,70.0,38,0,active
SELLER_00148,2025-02-18,ADDR_004824,Sports,70.0,130,0,active
SELLER_00149,2025-01-23,ADDR_000381,Sports,70.0,7,0,active
SELLER_00150,2025-01-22,ADDR_000092,Electronics,70.0,25,0,active
SELLER_00151,2025-01-02,ADDR_001714,Grocery,70.0,25,0,active
SELLER_00152,2025-04-14,ADDR_001048,Grocery,70.0,113,0,active
SELLER_00153,2025-01-08,ADDR_003149,Grocery,70.0,66,0,active
SELLER_00154,2025-01-31,ADDR_000369,Toys,70.0,19,0,active
SELLER_00155,2025-01-03,ADDR_004472,Home & Kitchen,70.0,120,0,active
SELLER_00156,2025-02-20,ADDR_002765,Electronics,70.0,17,0,active
SELLER_00157,2025-01-21,ADDR_001240,Beauty,70.0,45,0,active
SELLER_00158,2025-03-10,ADDR_003499,Toys,70.0,28,0,active
SELLER_00159,2025-07-17,ADDR_001955,Fashion,70.0,20,0,active
SELLER_00160,2025-01-03,ADDR_000577,Electronics,70.0,24,0,active
SELLER_00161,2025-01-01,ADDR_001778,Home & Kitchen,70.0,26,0,active
SELLER_00162,2025-01-07,ADDR_002803,Electronics,70.0,14,0,active
SELLER_00163,2025-03-03,ADDR_000371,Electronics,70.0,21,0,active
SELLER_00164,2025-03-20,ADDR_001466,Sports,70.0,95,0,active
SELLER_00165,2025-01-16,ADDR_000145,Grocery,70.0,18,0,active
SELLER_00166,2025-02-05,ADDR_001759,Sports,70.0,34,0,active
SELLER_00167,2025-01-09,ADDR_004885,Electronics,70.0,67,0,active
SELLER_00168,2025-03-29,ADDR_004204,Beauty,70.0,23,0,active
SELLER_00169,2025-04-14,ADDR_003524,Electronics,70.0,59,0,active
SELLER_00170,2025-03-08,ADDR_002876,Books,70.0,62,0,active
SELLER_00171,2025-01-02,ADDR_000176,Home & Kitchen,70.0,25,0,active
SELLER_00172,2025-01-25,ADDR_002209,Beauty,70.0,72,0,active
SELLER_00173,2025-04-19,ADDR_000055,Furniture,70.0,68,0,active
SELLER_00174,2025-01-08,ADDR_001620,Toys,70.0,50,0,active
SELLER_00175,2025-02-23,ADDR_004574,Grocery,70.0,65,0,active
SELLER_00176,2025-04-09,ADDR_000548,Beauty,70.0,26,0,active
SELLER_00177,2025-09-29,ADDR_000659,Furniture,70.0,70,0,active
SELLER_00178,2025-02-15,ADDR_004102,Grocery,70.0,143,0,active
SELLER_00179,2025-02-02,ADDR_002772,Toys,70.0,23,0,active
SELLER_00180,2025-11-14,ADDR_004592,Toys,70.0,53,0,active
SELLER_00181,2025-06-08,ADDR_001924,Books,70.0,37,0,active
SELLER_00182,2025-04-02,ADDR_002481,Fashion,70.0,9,0,active
SELLER_00183,2025-01-25,ADDR_003713,Home & Kitchen,70.0,102,0,active
SELLER_00184,2025-03-08,ADDR_001591,Books,70.0,15,0,active
SELLER_00185,2025-04-04,ADDR_003381,Sports,70.0,181,0,active
SELLER_00186,2025-07-24,ADDR_003216,Grocery,70.0,7,0,active
SELLER_00187,2025-01-14,ADDR_003671,Toys,70.0,33,0,active
SELLER_00188,2025-01-01,ADDR_003591,Electronics,70.0,90,0,active
SELLER_00189,2025-03-17,ADDR_003464,Books,70.0,46,0,active
SELLER_00190,2025-08-14,ADDR_004729,Books,70.0,31,0,active
SELLER_00191,2025-01-10,ADDR_004702,Beauty,70.0,58,0,active
SELLER_00192,2025-03-28,ADDR_002170,Grocery,70.0,52,0,active
SELLER_00193,2025-11-12,ADDR_000715,Beauty,70.0,11,0,active
SELLER_00194,2025-03-30,ADDR_003144,Fashion,70.0,3,0,active
SELLER_00195,2025-02-14,ADDR_000572,Fashion,70.0,42,0,active
SELLER_00196,2025-04-16,ADDR_003914,Furniture,70.0,26,0,active
SELLER_00197,2025-10-29,ADDR_003420,Beauty,70.0,27,0,active
SELLER_00198,2025-01-02,ADDR_004528,Sports,70.0,52,0,active
SELLER_00199,2025-04-17,ADDR_002699,Beauty,70.0,106,0,active
SELLER_00200,2025-02-07,ADDR_002230,Grocery,70.0,58,0,active
SELLER_00201,2025-04-05,ADDR_000157,Books,70.0,12,0,active
SELLER_00202,2025-03-09,ADDR_004282,Automotive,70.0,35,0,active
SELLER_00203,2025-02-20,ADDR_004497,Automotive,70.0,42,0,active
SELLER_00204,2025-05-18,ADDR_002389,Furniture,70.0,30,0,active
SELLER_00205,2025-02-18,ADDR_004414,Beauty,70.0,13,0,active
SELLER_00206,2025-01-11,ADDR_002640,Toys,70.0,61,0,active
SELLER_00207,2025-09-03,ADDR_001038,Beauty,70.0,19,0,active
SELLER_00208,2025-03-26,ADDR_004542,Grocery,70.0,21,0,active
SELLER_00209,2025-01-01,ADDR_000029,Grocery,70.0,42,0,active
SELLER_00210,2025-01-07,ADDR_004365,Home & Kitchen,70.0,60,0,active
SELLER_00211,2025-02-23,ADDR_004862,Automotive,70.0,21,0,active
SELLER_00212,2025-05-05,ADDR_001831,Home & Kitchen,70.0,40,0,active
SELLER_00213,2025-01-04,ADDR_001977,Furniture,70.0,34,0,active
SELLER_00214,2025-01-02,ADDR_002352,Automotive,70.0,59,0,active
SELLER_00215,2025-02-18,ADDR_001448,Electronics,70.0,13,0,active
SELLER_00216,2025-02-13,ADDR_003538,Beauty,70.0,11,0,active
SELLER_00217,2025-03-25,ADDR_001249,Beauty,70.0,16,0,active
SELLER_00218,2025-01-14,ADDR_002634,Automotive,70.0,28,0,active
SELLER_00219,2025-01-04,ADDR_004735,Grocery,70.0,26,0,active
SELLER_00220,2025-03-15,ADDR_004055,Electronics,70.0,11,0,active
SELLER_00221,2025-04-18,ADDR_001062,Automotive,70.0,68,0,active
SELLER_00222,2025-01-18,ADDR_002889,Home & Kitchen,70.0,8,0,active
SELLER_00223,2025-03-26,ADDR_004607,Beauty,70.0,10,0,active
SELLER_00224,2025-03-09,ADDR_000746,Fashion,70.0,13,0,active
SELLER_00225,2025-04-04,ADDR_001202,Fashion,70.0,56,0,active
SELLER_00226,2025-01-24,ADDR_001455,Toys,70.0,13,0,active
SELLER_00227,2025-01-02,ADDR_000939,Electronics,70.0,26,0,active
SELLER_00228,2025-03-17,ADDR_001947,Electronics,70.0,8,0,active
SELLER_00229,2025-03-09,ADDR_002499,Grocery,70.0,31,0,active
SELLER_00230,2025-03-26,ADDR_003779,Beauty,70.0,11,0,active
SELLER_00231,2025-01-27,ADDR_004686,Books,70.0,75,0,active
SELLER_00232,2025-01-01,ADDR_004627,Furniture,70.0,68,0,active
SELLER_00233,2025-01-01,ADDR_000076,Electronics,70.0,126,0,active
SELLER_00234,2025-02-13,ADDR_003708,Grocery,70.0,25,0,active
SELLER_00235,2025-11-11,ADDR_003285,Fashion,70.0,14,0,active
SELLER_00236,2025-01-22,ADDR_000046,Grocery,70.0,10,0,active
SELLER_00237,2025-02-20,ADDR_001922,Beauty,70.0,136,0,active
SELLER_00238,2025-02-06,ADDR_002783,Fashion,70.0,51,0,active
SELLER_00239,2025-03-31,ADDR_000352,Home & Kitchen,70.0,13,0,active
SELLER_00240,2025-01-07,ADDR_000039,Beauty,70.0,22,0,active
SELLER_00241,2025-02-24,ADDR_000329,Grocery,70.0,40,0,active
SELLER_00242,2025-03-23,ADDR_000295,Books,70.0,21,0,active
SELLER_00243,2025-04-07,ADDR_000934,Grocery,70.0,92,0,active
SELLER_00244,2025-08-05,ADDR_000073,Electronics,70.0,91,0,active
SELLER_00245,2025-04-03,ADDR_001472,Furniture,70.0,8,0,active
SELLER_00246,2025-02-08,ADDR_003568,Sports,70.0,100,0,active
SELLER_00247,2025-08-28,ADDR_004657,Fashion,70.0,55,0,active
SELLER_00248,2025-01-11,ADDR_003531,Furniture,70.0,15,0,active
SELLER_00249,2025-04-15,ADDR_003475,Grocery,70.0,24,0,active
SELLER_00250,2025-01-08,ADDR_002958,Electronics,70.0,9,0,active
SELLER_00251,2025-04-04,ADDR_001550,Sports,70.0,29,0,active
SELLER_00252,2025-06-17,ADDR_004317,Furniture,70.0,15,0,active
SELLER_00253,2025-02-10,ADDR_000476,Books,70.0,19,0,active
SELLER_00254,2025-02-06,ADDR_001691,Fashion,70.0,21,0,active
SELLER_00255,2025-02-17,ADDR_004886,Grocery,70.0,17,0,active
SELLER_00256,2025-03-27,ADDR_001958,Fashion,70.0,50,0,active
SELLER_00257,2025-07-21,ADDR_001151,Beauty,70.0,7,0,active
SELLER_00258,2025-01-02,ADDR_002913,Fashion,70.0,54,0,active
SELLER_00259,2025-02-09,ADDR_003290,Books,70.0,33,0,active
SELLER_00260,2025-01-11,ADDR_002873,Furniture,70.0,19,0,active
SELLER_00261,2025-04-01,ADDR_003989,Electronics,70.0,10,0,active
SELLER_00262,2025-01-03,ADDR_000205,Books,70.0,3,0,active
SELLER_00263,2025-02-05,ADDR_002666,Home & Kitchen,70.0,86,0,active
SELLER_00264,2025-02-17,ADDR_003335,Grocery,70.0,9,0,active
SELLER_00265,2025-02-02,ADDR_004286,Fashion,70.0,46,0,active
SELLER_00266,2025-04-07,ADDR_001257,Beauty,70.0,13,0,active
SELLER_00267,2025-01-10,ADDR_004435,Home & Kitchen,70.0,37,0,active
SELLER_00268,2025-12-03,ADDR_004092,Automotive,70.0,9,0,active
SELLER_00269,2025-01-01,ADDR_002673,Electronics,70.0,42,0,active
SELLER_00270,2025-01-03,ADDR_001352,Toys,70.0,11,0,active
SELLER_00271,2025-01-06,ADDR_004270,Fashion,70.0,54,0,active
SELLER_00272,2025-01-02,ADDR_002490,Toys,70.0,40,0,active
SELLER_00273,2025-01-25,ADDR_001868,Grocery,70.0,3,0,active
SELLER_00274,2025-10-26,ADDR_002906,Grocery,70.0,12,0,active
SELLER_00275,2025-10-13,ADDR_002538,Electronics,70.0,248,0,active
SELLER_00276,2025-09-20,ADDR_003632,Grocery,70.0,55,0,active
SELLER_00277,2025-01-01,ADDR_003679,Home & Kitchen,70.0,96,0,active
SELLER_00278,2025-03-26,ADDR_002721,Books,70.0,19,0,active
SELLER_00279,2025-01-21,ADDR_003239,Furniture,70.0,10,0,active
SELLER_00280,2025-03-04,ADDR_004609,Fashion,70.0,10,0,active
SELLER_00281,2025-03-03,ADDR_003887,Beauty,70.0,22,0,active
SELLER_00282,2025-01-05,ADDR_000319,Automotive,70.0,16,0,active
SELLER_00283,2025-02-03,ADDR_000978,Fashion,70.0,33,0,active
SELLER_00284,2025-11-13,ADDR_001149,Home & Kitchen,70.0,11,0,active
SELLER_00285,2025-01-10,ADDR_003068,Toys,70.0,42,0,active
SELLER_00286,2025-03-02,ADDR_001287,Furniture,70.0,9,0,active
SELLER_00287,2025-04-12,ADDR_003033,Home & Kitchen,70.0,13,0,active
SELLER_00288,2025-01-18,ADDR_004431,Beauty,70.0,41,0,active
SELLER_00289,2025-01-20,ADDR_004876,Grocery,70.0,81,0,active
SELLER_00290,2025-01-27,ADDR_003758,Fashion,70.0,80,0,active
SELLER_00291,2025-03-17,ADDR_002087,Beauty,70.0,35,0,active
SELLER_00292,2025-01-26,ADDR_001631,Beauty,70.0,47,0,active
SELLER_00293,2025-01-08,ADDR_003804,Sports,70.0,9,0,active
SELLER_00294,2025-04-18,ADDR_001595,Toys,70.0,59,0,active
SELLER_00295,2025-03-31,ADDR_002473,Home & Kitchen,70.0,45,0,active
SELLER_00296,2025-02-13,ADDR_003469,Beauty,70.0,23,0,active
SELLER_00297,2025-04-13,ADDR_003039,Furniture,70.0,63,0,active
SELLER_00298,2025-04-13,ADDR_002995,Automotive,70.0,37,0,active
SELLER_00299,2025-01-05,ADDR_000140,Furniture,70.0,30,0,active
SELLER_00300,2025-03-30,ADDR_004945,Books,70.0,25,0,active
SELLER_00301,2025-01-24,ADDR_003929,Toys,70.0,27,0,active
SELLER_00302,2025-01-19,ADDR_004842,Home & Kitchen,70.0,36,0,active
SELLER_00303,2025-03-08,ADDR_000782,Fashion,70.0,5,0,active
SELLER_00304,2025-01-17,ADDR_003857,Toys,70.0,49,0,active
SELLER_00305,2025-06-08,ADDR_003173,Sports,70.0,80,0,active
SELLER_00306,2025-06-12,ADDR_004128,Grocery,70.0,11,0,active
SELLER_00307,2025-01-03,ADDR_004450,Electronics,70.0,12,0,active
SELLER_00308,2025-01-08,ADDR_002331,Automotive,70.0,28,0,active
SELLER_00309,2025-02-05,ADDR_004913,Fashion,70.0,90,0,active
SELLER_00310,2025-03-12,ADDR_004376,Beauty,70.0,27,0,active
SELLER_00311,2025-01-23,ADDR_001253,Beauty,70.0,19,0,active
SELLER_00312,2025-01-20,ADDR_002592,Furniture,70.0,14,0,active
SELLER_00313,2025-02-20,ADDR_000332,Grocery,70.0,214,0,active
SELLER_00314,2025-01-04,ADDR_003191,Electronics,70.0,87,0,active
SELLER_00315,2025-06-03,ADDR_001255,Automotive,70.0,21,0,active
SELLER_00316,2025-01-07,ADDR_001509,Books,70.0,178,0,active
SELLER_00317,2025-02-20,ADDR_004771,Electronics,70.0,38,0,active
SELLER_00318,2025-01-03,ADDR_003366,Grocery,70.0,9,0,active
SELLER_00319,2025-01-26,ADDR_004843,Electronics,70.0,13,0,active
SELLER_00320,2025-02-13,ADDR_003157,Sports,70.0,29,0,active
SELLER_00321,2025-03-21,ADDR_004052,Fashion,70.0,7,0,active
SELLER_00322,2025-09-14,ADDR_000028,Electronics,70.0,10,0,active
SELLER_00323,2025-04-09,ADDR_004321,Toys,70.0,25,0,active
SELLER_00324,2025-02-24,ADDR_001363,Books,70.0,39,0,active
SELLER_00325,2025-01-17,ADDR_001976,Sports,70.0,23,0,active
SELLER_00326,2025-01-08,ADDR_001118,Beauty,70.0,88,0,active
SELLER_00327,2025-01-01,ADDR_003927,Toys,70.0,20,0,active
SELLER_00328,2025-01-11,ADDR_002693,Fashion,70.0,24,0,active
SELLER_00329,2025-01-04,ADDR_003331,Electronics,70.0,26,0,active
SELLER_00330,2025-05-31,ADDR_003723,Fashion,70.0,13,0,active
SELLER_00331,2025-09-08,ADDR_001407,Electronics,70.0,40,0,active
SELLER_00332,2025-02-26,ADDR_004550,Grocery,70.0,23,0,active
SELLER_00333,2025-01-15,ADDR_002561,Books,70.0,66,0,active
SELLER_00334,2025-02-02,ADDR_002737,Fashion,70.0,9,0,active
SELLER_00335,2025-04-15,ADDR_000998,Toys,70.0,20,0,active
SELLER_00336,2025-02-01,ADDR_002509,Sports,70.0,8,0,active
SELLER_00337,2025-02-02,ADDR_001475,Fashion,70.0,10,0,active
SELLER_00338,2025-01-13,ADDR_001175,Furniture,70.0,21,0,active
SELLER_00339,2025-01-10,ADDR_001996,Furniture,70.0,15,0,active
SELLER_00340,2025-04-16,ADDR_003084,Grocery,70.0,66,0,active
SELLER_00341,2025-02-05,ADDR_000074,Automotive,70.0,84,0,active
SELLER_00342,2025-07-28,ADDR_004750,Toys,70.0,16,0,active
SELLER_00343,2025-01-01,ADDR_000709,Automotive,70.0,26,0,active
SELLER_00344,2025-04-05,ADDR_000128,Toys,70.0,31,0,active
SELLER_00345,2025-01-18,ADDR_002344,Fashion,70.0,32,0,active
SELLER_00346,2025-04-14,ADDR_004217,Fashion,70.0,23,0,active
SELLER_00347,2025-01-05,ADDR_003236,Automotive,70.0,106,0,active
SELLER_00348,2025-01-13,ADDR_001532,Sports,70.0,21,0,active
SELLER_00349,2025-12-03,ADDR_000153,Grocery,70.0,48,0,active
SELLER_00350,2025-01-30,ADDR_000161,Fashion,70.0,18,0,active
SELLER_00351,2025-01-15,ADDR_003726,Sports,70.0,38,0,active
SELLER_00352,2025-08-18,ADDR_002455,Electronics,70.0,63,0,active
SELLER_00353,2025-02-01,ADDR_000318,Home & Kitchen,70.0,26,0,active
SELLER_00354,2025-04-12,ADDR_000455,Fashion,70.0,78,0,active
SELLER_00355,2025-01-02,ADDR_000731,Home & Kitchen,70.0,24,0,active
SELLER_00356,2025-01-12,ADDR_000456,Books,70.0,35,0,active
SELLER_00357,2025-03-16,ADDR_001058,Electronics,70.0,33,0,active
SELLER_00358,2025-03-23,ADDR_000220,Fashion,70.0,70,0,active
SELLER_00359,2025-10-21,ADDR_001862,Books,70.0,13,0,active
SELLER_00360,2025-10-27,ADDR_003617,Fashion,70.0,16,0,active
SELLER_00361,2025-03-02,ADDR_001439,Toys,70.0,15,0,active
SELLER_00362,2025-01-04,ADDR_001876,Automotive,70.0,17,0,active
SELLER_00363,2025-01-01,ADDR_001022,Grocery,70.0,16,0,active
SELLER_00364,2025-01-16,ADDR_002126,Fashion,70.0,11,0,active
SELLER_00365,2025-02-01,ADDR_002632,Fashion,70.0,22,0,active
SELLER_00366,2025-03-06,ADDR_000363,Grocery,70.0,57,0,active
SELLER_00367,2025-03-03,ADDR_004417,Beauty,70.0,37,0,active
SELLER_00368,2025-04-15,ADDR_004438,Sports,70.0,130,0,active
SELLER_00369,2025-01-22,ADDR_001079,Sports,70.0,16,0,active
SELLER_00370,2025-03-13,ADDR_000406,Toys,70.0,10,0,active
SELLER_00371,2025-03-06,ADDR_000630,Sports,70.0,14,0,active
SELLER_00372,2025-04-18,ADDR_003371,Electronics,70.0,18,0,active
SELLER_00373,2025-03-11,ADDR_003957,Electronics,70.0,25,0,active
SELLER_00374,2025-01-12,ADDR_004080,Electronics,70.0,31,0,active
SELLER_00375,2025-01-01,ADDR_001624,Home & Kitchen,70.0,17,0,active
SELLER_00376,2025-04-14,ADDR_001395,Automotive,70.0,186,0,active
SELLER_00377,2025-03-02,ADDR_004360,Furniture,70.0,84,0,active
SELLER_00378,2025-03-17,ADDR_002566,Sports,70.0,25,0,active
SELLER_00379,2025-03-14,ADDR_004653,Electronics,70.0,15,0,active
SELLER_00380,2025-03-05,ADDR_004571,Electronics,70.0,19,0,active
SELLER_00381,2025-03-07,ADDR_002120,Automotive,70.0,59,0,active
SELLER_00382,2025-04-07,ADDR_000472,Beauty,70.0,38,0,active
SELLER_00383,2025-04-04,ADDR_002685,Automotive,70.0,13,0,active
SELLER_00384,2025-01-20,ADDR_001884,Toys,70.0,17,0,active
SELLER_00385,2025-01-01,ADDR_000534,Automotive,70.0,13,0,active
SELLER_00386,2025-02-21,ADDR_003661,Fashion,70.0,45,0,active
SELLER_00387,2025-01-26,ADDR_003023,Automotive,70.0,108,0,active
SELLER_00388,2025-03-21,ADDR_001502,Toys,70.0,83,0,active
SELLER_00389,2025-03-23,ADDR_003061,Sports,70.0,20,0,active
SELLER_00390,2025-01-22,ADDR_002916,Toys,70.0,38,0,active
SELLER_00391,2025-01-13,ADDR_002391,Beauty,70.0,14,0,active
SELLER_00392,2025-02-02,ADDR_003458,Books,70.0,41,0,active
SELLER_00393,2025-03-21,ADDR_002252,Grocery,70.0,48,0,active
SELLER_00394,2025-01-04,ADDR_001830,Automotive,70.0,5,0,active
SELLER_00395,2025-01-18,ADDR_003221,Furniture,70.0,22,0,active
SELLER_00396,2025-02-08,ADDR_003628,Sports,70.0,18,0,active
SELLER_00397,2025-03-20,ADDR_003925,Grocery,70.0,15,0,active
SELLER_00398,2025-04-07,ADDR_001687,Automotive,70.0,15,0,active
SELLER_00399,2025-01-02,ADDR_001254,Electronics,70.0,175,0,active
SELLER_00400,2025-01-08,ADDR_004410,Sports,70.0,34,0,active
SELLER_00401,2025-01-21,ADDR_002864,Grocery,70.0,20,0,active
SELLER_00402,2025-01-13,ADDR_000815,Sports,70.0,16,0,active
SELLER_00403,2025-01-22,ADDR_000757,Fashion,70.0,21,0,active
SELLER_00404,2025-01-01,ADDR_001102,Books,70.0,15,0,active
SELLER_00405,2025-01-01,ADDR_004451,Sports,70.0,30,0,active
SELLER_00406,2025-03-22,ADDR_001899,Books,70.0,11,0,active
SELLER_00407,2025-01-02,ADDR_002180,Electronics,70.0,20,0,active
SELLER_00408,2025-03-19,ADDR_002782,Electronics,70.0,51,0,active
SELLER_00409,2025-01-14,ADDR_000248,Books,70.0,57,0,active
SELLER_00410,2025-01-14,ADDR_002759,Furniture,70.0,6,0,active
SELLER_00411,2025-03-12,ADDR_000947,Books,70.0,50,0,active
SELLER_00412,2025-01-01,ADDR_000668,Furniture,70.0,17,0,active
SELLER_00413,2025-01-18,ADDR_003578,Automotive,70.0,73,0,active
SELLER_00414,2025-10-17,ADDR_000108,Home & Kitchen,70.0,12,0,active
SELLER_00415,2025-11-12,ADDR_001541,Fashion,70.0,23,0,active
SELLER_00416,2025-01-01,ADDR_000097,Toys,70.0,32,0,active
SELLER_00417,2025-01-01,ADDR_004413,Books,70.0,58,0,active
SELLER_00418,2025-01-05,ADDR_003303,Grocery,70.0,59,0,active
SELLER_00419,2025-03-10,ADDR_000459,Toys,70.0,16,0,active
SELLER_00420,2025-01-08,ADDR_004353,Furniture,70.0,16,0,active
SELLER_00421,2025-11-02,ADDR_000330,Automotive,70.0,71,0,active
SELLER_00422,2025-03-28,ADDR_000547,Toys,70.0,18,0,active
SELLER_00423,2025-02-23,ADDR_001443,Toys,70.0,120,0,active
SELLER_00424,2025-01-05,ADDR_000439,Electronics,70.0,50,0,active
SELLER_00425,2025-01-09,ADDR_003090,Grocery,70.0,12,0,active
SELLER_00426,2025-02-23,ADDR_004681,Books,70.0,61,0,active
SELLER_00427,2025-03-12,ADDR_002797,Automotive,70.0,38,0,active
SELLER_00428,2025-01-04,ADDR_002983,Electronics,70.0,27,0,active
SELLER_00429,2025-01-28,ADDR_000848,Fashion,70.0,22,0,active
SELLER_00430,2025-03-14,ADDR_004844,Books,70.0,55,0,active
SELLER_00431,2025-01-01,ADDR_000552,Sports,70.0,15,0,active
SELLER_00432,2025-01-18,ADDR_001224,Toys,70.0,16,0,active
SELLER_00433,2025-01-01,ADDR_001851,Sports,70.0,18,0,active
SELLER_00434,2025-03-02,ADDR_000581,Books,70.0,20,0,active
SELLER_00435,2025-01-02,ADDR_001901,Books,70.0,35,0,active
SELLER_00436,2025-05-22,ADDR_003373,Fashion,70.0,38,0,active
SELLER_00437,2025-03-12,ADDR_001684,Grocery,70.0,54,0,active
SELLER_00438,2025-03-07,ADDR_003107,Sports,70.0,160,0,active
SELLER_00439,2025-02-19,ADDR_000144,Toys,70.0,52,0,active
SELLER_00440,2025-02-26,ADDR_000237,Books,70.0,21,0,active
SELLER_00441,2025-02-20,ADDR_001944,Grocery,70.0,35,0,active
SELLER_00442,2025-02-19,ADDR_003302,Beauty,70.0,30,0,active
SELLER_00443,2025-01-17,ADDR_004724,Electronics,70.0,11,0,active
SELLER_00444,2025-01-01,ADDR_003140,Fashion,70.0,39,0,active
SELLER_00445,2025-01-26,ADDR_000871,Furniture,70.0,12,0,active
SELLER_00446,2025-01-01,ADDR_002037,Home & Kitchen,70.0,35,0,active
SELLER_00447,2025-01-29,ADDR_000134,Home & Kitchen,70.0,24,0,active
SELLER_00448,2025-01-28,ADDR_000343,Automotive,70.0,9,0,active
SELLER_00449,2025-01-05,ADDR_002846,Home & Kitchen,70.0,55,0,active
SELLER_00450,2025-03-13,ADDR_004057,Sports,70.0,46,0,active
SELLER_00451,2025-09-08,ADDR_002722,Beauty,70.0,71,0,active
SELLER_00452,2025-02-08,ADDR_000819,Books,70.0,16,0,active
SELLER_00453,2025-04-06,ADDR_001121,Toys,70.0,27,0,active
SELLER_00454,2025-01-12,ADDR_002121,Toys,70.0,45,0,active
SELLER_00455,2025-01-10,ADDR_003977,Toys,70.0,179,0,active
SELLER_00456,2025-01-06,ADDR_002565,Automotive,70.0,31,0,active
SELLER_00457,2025-02-06,ADDR_001188,Toys,70.0,21,0,active
SELLER_00458,2025-01-07,ADDR_000533,Toys,70.0,16,0,active
SELLER_00459,2025-03-27,ADDR_002696,Automotive,70.0,90,0,active
SELLER_00460,2025-01-13,ADDR_001011,Electronics,70.0,77,0,active
SELLER_00461,2025-01-31,ADDR_001603,Automotive,70.0,25,0,active
SELLER_00462,2025-02-05,ADDR_001349,Fashion,70.0,40,0,active
SELLER_00463,2025-01-14,ADDR_003843,Beauty,70.0,107,0,active
SELLER_00464,2025-09-18,ADDR_004018,Electronics,70.0,48,0,active
SELLER_00465,2025-02-26,ADDR_001980,Toys,70.0,17,0,active
SELLER_00466,2025-03-09,ADDR_000070,Automotive,70.0,24,0,active
SELLER_00467,2025-01-28,ADDR_002051,Beauty,70.0,37,0,active
SELLER_00468,2025-01-27,ADDR_001597,Books,70.0,143,0,active
SELLER_00469,2025-03-02,ADDR_003487,Beauty,70.0,8,0,active
SELLER_00470,2025-01-20,ADDR_002001,Grocery,70.0,45,0,active
SELLER_00471,2025-01-25,ADDR_002753,Furniture,70.0,32,0,active
SELLER_00472,2025-01-05,ADDR_003633,Grocery,70.0,149,0,active
SELLER_00473,2025-02-24,ADDR_003496,Beauty,70.0,55,0,active
SELLER_00474,2025-01-02,ADDR_003577,Automotive,70.0,28,0,active
SELLER_00475,2025-04-19,ADDR_002988,Electronics,70.0,29,0,active
SELLER_00476,2025-01-04,ADDR_001790,Furniture,70.0,28,0,active
SELLER_00477,2025-01-09,ADDR_003032,Automotive,70.0,43,0,active
SELLER_00478,2025-01-12,ADDR_002104,Books,70.0,51,0,active
SELLER_00479,2025-05-17,ADDR_002463,Books,70.0,14,0,active
SELLER_00480,2025-03-02,ADDR_000325,Home & Kitchen,70.0,19,0,active
SELLER_00481,2025-04-03,ADDR_004688,Sports,70.0,40,0,active
SELLER_00482,2025-01-10,ADDR_003941,Fashion,70.0,35,0,active
SELLER_00483,2025-01-02,ADDR_003593,Beauty,70.0,22,0,active
SELLER_00484,2025-01-16,ADDR_003465,Toys,70.0,6,0,active
SELLER_00485,2025-04-09,ADDR_003263,Beauty,70.0,15,0,active
SELLER_00486,2025-01-20,ADDR_004088,Grocery,70.0,22,0,active
SELLER_00487,2025-03-11,ADDR_001399,Automotive,70.0,21,0,active
SELLER_00488,2025-01-28,ADDR_001384,Toys,70.0,73,0,active
SELLER_00489,2025-01-27,ADDR_001303,Beauty,70.0,21,0,active
SELLER_00490,2025-03-19,ADDR_002192,Beauty,70.0,20,0,active
SELLER_00491,2025-01-01,ADDR_003665,Toys,70.0,57,0,active
SELLER_00492,2025-03-26,ADDR_004782,Grocery,70.0,55,0,active
SELLER_00493,2025-01-30,ADDR_002151,Fashion,70.0,11,0,active
SELLER_00494,2025-05-25,ADDR_001913,Sports,70.0,69,0,active
SELLER_00495,2025-11-08,ADDR_001422,Sports,70.0,60,0,active
SELLER_00496,2025-01-16,ADDR_003235,Home & Kitchen,70.0,18,0,active
SELLER_00497,2025-04-16,ADDR_002484,Home & Kitchen,70.0,11,0,active
SELLER_00498,2025-04-08,ADDR_001306,Automotive,70.0,54,0,active
SELLER_00499,2025-01-11,ADDR_000192,Sports,70.0,25,0,active
