buyer_id,shared_with_buyer_id,shared_address_id,share_type,first_seen_date
BUYER_00851,BUYER_02244,ADDR_004417,legitimate,1984-10-07 21:17:45.999849536
BUYER_02765,BUYER_00424,ADDR_001405,legitimate,2004-01-13 13:05:35.794149248
BUYER_04698,BUYER_04285,ADDR_002651,fraud_linked,1990-04-02 03:51:46.616284416
BUYER_03867,BUYER_00272,ADDR_002085,legitimate,1986-09-21 10:50:47.172266560
BUYER_04715,BUYER_04417,ADDR_001666,legitimate,1991-07-02 14:17:29.945005440
BUYER_02737,BUYER_04120,ADDR_002579,legitimate,2009-04-21 19:06:04.698152704
BUYER_00784,BUYER_01539,ADDR_001468,fraud_linked,1981-03-02 07:05:08.930552064
BUYER_02766,BUYER_04528,ADDR_000837,legitimate,1973-07-09 03:42:14.100922336
BUYER_00432,BUYER_02430,ADDR_002456,fraud_linked,1970-04-02 01:41:15.436094713
BUYER_04833,BUYER_01844,ADDR_003601,legitimate,1999-07-09 13:25:45.105319424
BUYER_04432,BUYER_04649,ADDR_003337,legitimate,1984-01-16 18:39:29.947356864
BUYER_04862,BUYER_01381,ADDR_004362,legitimate,2001-06-23 03:10:40.121501056
BUYER_01756,BUYER_03816,ADDR_002519,legitimate,2019-05-05 08:11:23.951892992
BUYER_00897,BUYER_03475,ADDR_002988,legitimate,1986-06-26 14:36:59.321410688
BUYER_02139,BUYER_02668,ADDR_000189,legitimate,1980-04-29 05:37:04.620676160
BUYER_02816,BUYER_03972,ADDR_003252,legitimate,1970-02-22 08:52:44.930188336
BUYER_04189,BUYER_02340,ADDR_001386,fraud_linked,2024-12-14 23:47:56.706443776
BUYER_02624,BUYER_04665,ADDR_003056,legitimate,1998-12-20 11:56:29.955220864
BUYER_03880,BUYER_01939,ADDR_000472,fraud_linked,2014-12-05 06:32:21.891514368
BUYER_00261,BUYER_04470,ADDR_003238,fraud_linked,2018-01-22 14:18:59.989869824
BUYER_01228,BUYER_00797,ADDR_003934,legitimate,2025-09-24 05:16:12.394498816
BUYER_03178,BUYER_02456,ADDR_003957,legitimate,2018-02-22 21:58:18.441407232
BUYER_01065,BUYER_02556,ADDR_003323,legitimate,1986-07-04 16:45:11.189832704
BUYER_00334,BUYER_01710,ADDR_001935,legitimate,2001-08-17 21:21:22.421496064
BUYER_04402,BUYER_00172,ADDR_000351,legitimate,2023-11-30 14:00:23.000711936
BUYER_02994,BUYER_00331,ADDR_001317,legitimate,2005-06-27 21:54:35.157843456
BUYER_01383,BUYER_01666,ADDR_003348,legitimate,2013-01-29 08:57:05.117015040
BUYER_02080,BUYER_02126,ADDR_004491,legitimate,2020-10-10 20:09:57.535654400
BUYER_01382,BUYER_04004,ADDR_001944,fraud_linked,2004-05-20 22:00:04.902328064
BUYER_04006,BUYER_00979,ADDR_000763,legitimate,2008-10-17 05:36:06.700144640
BUYER_01849,BUYER_02615,ADDR_001791,legitimate,2002-12-19 07:53:58.472520832
BUYER_03846,BUYER_02158,ADDR_001854,legitimate,1988-12-31 15:36:08.247949824
BUYER_01478,BUYER_01240,ADDR_001038,fraud_linked,1983-12-22 22:45:28.673276608
BUYER_00703,BUYER_01879,ADDR_001094,fraud_linked,2005-07-01 02:00:06.082505216
BUYER_04186,BUYER_02885,ADDR_000548,legitimate,2024-12-10 07:26:00.977696768
BUYER_01090,BUYER_00964,ADDR_000515,fraud_linked,2021-04-22 10:48:49.533424128
BUYER_02467,BUYER_03091,ADDR_002871,legitimate,1981-10-18 07:38:35.643248448
BUYER_00113,BUYER_01164,ADDR_003094,legitimate,2017-03-15 02:49:03.809186560
BUYER_03330,BUYER_00686,ADDR_002533,legitimate,1971-03-28 14:04:33.885321144
BUYER_04353,BUYER_01444,ADDR_001671,fraud_linked,2003-01-12 08:14:07.218884352
BUYER_02266,BUYER_04040,ADDR_002913,legitimate,2022-02-06 13:59:02.961838080
BUYER_02327,BUYER_04868,ADDR_004111,legitimate,2023-09-22 02:36:37.757510656
BUYER_04511,BUYER_02921,ADDR_002588,legitimate,2003-10-17 10:57:29.682250496
BUYER_00358,BUYER_04043,ADDR_003189,fraud_linked,2005-05-06 13:11:15.756887552
BUYER_00300,BUYER_02931,ADDR_000984,fraud_linked,1991-11-14 04:44:46.925176704
BUYER_03065,BUYER_01458,ADDR_002851,legitimate,2010-07-16 04:29:44.054929408
BUYER_00114,BUYER_02087,ADDR_002651,legitimate,1983-10-20 20:33:16.921897984
BUYER_04437,BUYER_00653,ADDR_000715,legitimate,1971-12-14 08:07:08.434056096
BUYER_03319,BUYER_00241,ADDR_001204,fraud_linked,2016-10-13 19:57:46.925346304
BUYER_02693,BUYER_02001,ADDR_002290,legitimate,1973-06-07 13:07:24.982450752
BUYER_01178,BUYER_03380,ADDR_004459,legitimate,2007-03-30 02:26:22.367842048
BUYER_02736,BUYER_04325,ADDR_004428,legitimate,1994-07-01 23:16:14.915699456
BUYER_01264,BUYER_02353,ADDR_001295,legitimate,1972-06-23 05:46:53.893257408
BUYER_01867,BUYER_04200,ADDR_004180,legitimate,1978-12-30 17:26:08.877146240
BUYER_01313,BUYER_04181,ADDR_004930,legitimate,1975-09-10 02:50:05.473084800
BUYER_04360,BUYER_01202,ADDR_003688,fraud_linked,1982-01-19 06:10:10.978648640
BUYER_02975,BUYER_04639,ADDR_001826,fraud_linked,2005-08-05 17:39:00.350556928
BUYER_04127,BUYER_02629,ADDR_003813,legitimate,2001-12-23 13:40:19.452898944
BUYER_03019,BUYER_02071,ADDR_000662,legitimate,1994-04-11 09:30:24.667031808
BUYER_01111,BUYER_02219,ADDR_000966,legitimate,2017-03-21 03:57:12.129061888
BUYER_01534,BUYER_01598,ADDR_000613,legitimate,2012-03-08 17:24:43.176850176
BUYER_04630,BUYER_03513,ADDR_000256,legitimate,2008-03-31 20:54:51.659604480
BUYER_03679,BUYER_02465,ADDR_000582,legitimate,2003-07-23 18:04:17.059850752
BUYER_00719,BUYER_01695,ADDR_002185,legitimate,2008-12-30 17:14:34.792580608
BUYER_00072,BUYER_00915,ADDR_003266,fraud_linked,1982-09-25 05:05:40.972565504
BUYER_00468,BUYER_03018,ADDR_002382,legitimate,1984-08-04 04:06:28.764633664
BUYER_02475,BUYER_00054,ADDR_001001,legitimate,1986-09-25 15:22:32.609027392
BUYER_03908,BUYER_00806,ADDR_003772,legitimate,2011-07-07 04:35:59.724326144
BUYER_00000,BUYER_02710,ADDR_001932,fraud_linked,1994-03-28 21:02:02.359966080
BUYER_01572,BUYER_02374,ADDR_000366,legitimate,2023-09-25 13:24:02.446296064
BUYER_02090,BUYER_04121,ADDR_001579,legitimate,1972-04-21 17:08:46.127401520
BUYER_00806,BUYER_02889,ADDR_004431,legitimate,1991-06-29 09:29:06.795177344
BUYER_03212,BUYER_02750,ADDR_000575,legitimate,1978-09-17 21:41:03.428752768
BUYER_01410,BUYER_02307,ADDR_001081,legitimate,2015-09-21 22:51:42.333216000
BUYER_00331,BUYER_02498,ADDR_001477,legitimate,1996-11-20 00:18:25.199384960
BUYER_02207,BUYER_00327,ADDR_000440,legitimate,2004-09-27 22:44:31.977176448
BUYER_00702,BUYER_03865,ADDR_002491,legitimate,2003-07-05 00:23:36.686950272
BUYER_01284,BUYER_00493,ADDR_004453,legitimate,1974-06-24 21:57:55.135690240
BUYER_01211,BUYER_04224,ADDR_001006,legitimate,2013-11-25 04:27:39.034209024
BUYER_03408,BUYER_03283,ADDR_001997,fraud_linked,2016-01-15 12:03:30.327623936
BUYER_01328,BUYER_02248,ADDR_004778,legitimate,2004-01-14 22:43:30.313982208
BUYER_03628,BUYER_02593,ADDR_001723,fraud_linked,1985-10-09 16:32:18.813442176
BUYER_00600,BUYER_03544,ADDR_000232,legitimate,2010-07-25 11:10:33.461639424
BUYER_00491,BUYER_02797,ADDR_003839,fraud_linked,2009-04-02 19:32:53.597371136
BUYER_02671,BUYER_00707,ADDR_001858,legitimate,2021-02-07 22:35:53.244435712
BUYER_02960,BUYER_02658,ADDR_004048,fraud_linked,1976-08-14 20:08:06.472927584
BUYER_01929,BUYER_02829,ADDR_002697,legitimate,2020-12-14 01:12:42.150272256
BUYER_02601,BUYER_03211,ADDR_002318,legitimate,2019-09-06 13:46:08.834837248
BUYER_01121,BUYER_01199,ADDR_001220,legitimate,1986-09-13 16:25:34.645790400
BUYER_03898,BUYER_01910,ADDR_004126,legitimate,2010-02-14 04:11:19.573542144
BUYER_03093,BUYER_02221,ADDR_000217,legitimate,1984-10-22 14:34:21.787930944
BUYER_01896,BUYER_04797,ADDR_001812,legitimate,1983-03-18 00:10:38.904716992
BUYER_00018,BUYER_03978,ADDR_001315,legitimate,2005-12-11 15:08:41.409945088
BUYER_04589,BUYER_04211,ADDR_001967,legitimate,1972-11-08 14:33:30.997186656
BUYER_03950,BUYER_04957,ADDR_001536,legitimate,1975-06-15 16:22:15.468428608
BUYER_03689,BUYER_01488,ADDR_001598,fraud_linked,2006-12-26 19:10:27.797984768
BUYER_00463,BUYER_04006,ADDR_002424,legitimate,2023-04-22 13:21:01.972246784
BUYER_02837,BUYER_00949,ADDR_001733,legitimate,1971-12-17 20:17:45.369013552
BUYER_03855,BUYER_03558,ADDR_003804,legitimate,1971-05-04 17:23:04.732657920
BUYER_04046,BUYER_04955,ADDR_002304,legitimate,1974-03-29 04:21:50.868708944
BUYER_00361,BUYER_04924,ADDR_001759,fraud_linked,1970-02-24 10:19:20.116738270
BUYER_02619,BUYER_01434,ADDR_001213,fraud_linked,2021-12-27 05:34:09.282983424
BUYER_02063,BUYER_04603,ADDR_003804,legitimate,1996-07-29 07:40:23.943723648
BUYER_02439,BUYER_03732,ADDR_003797,legitimate,2008-10-10 01:00:30.992490240
BUYER_04476,BUYER_00844,ADDR_002788,legitimate,1993-05-08 05:09:02.519970816
BUYER_02464,BUYER_04686,ADDR_000268,legitimate,2025-11-04 17:00:03.658074880
BUYER_04780,BUYER_04904,ADDR_000935,legitimate,1996-11-26 14:03:25.687346176
BUYER_03046,BUYER_01988,ADDR_002244,fraud_linked,2022-08-08 01:02:21.121906432
BUYER_01886,BUYER_04775,ADDR_001556,legitimate,2006-05-25 15:18:00.945206912
BUYER_04136,BUYER_02702,ADDR_000760,legitimate,2023-01-28 03:37:58.270417664
BUYER_01699,BUYER_02704,ADDR_003743,fraud_linked,1997-10-03 08:28:37.756831744
BUYER_01648,BUYER_01334,ADDR_003844,legitimate,2019-03-23 04:17:25.827638528
BUYER_04157,BUYER_00837,ADDR_000909,legitimate,1988-09-25 11:20:40.418069248
BUYER_02821,BUYER_00571,ADDR_003893,legitimate,2007-01-17 09:36:51.107867136
BUYER_02159,BUYER_02951,ADDR_004142,legitimate,2004-08-01 00:17:43.362876416
BUYER_03486,BUYER_03844,ADDR_003589,legitimate,1997-04-16 17:23:00.372673152
BUYER_01537,BUYER_00114,ADDR_003447,legitimate,1998-02-09 23:41:54.228750336
BUYER_04995,BUYER_01825,ADDR_003311,legitimate,1979-07-29 10:17:13.762614272
BUYER_04063,BUYER_00302,ADDR_003631,fraud_linked,2020-09-27 21:22:46.931543552
BUYER_02093,BUYER_01946,ADDR_001446,legitimate,1995-06-20 01:27:17.906156800
BUYER_04469,BUYER_00141,ADDR_002677,legitimate,1978-07-13 04:32:02.567477248
BUYER_02338,BUYER_02814,ADDR_002515,legitimate,2009-06-16 15:31:36.388168960
BUYER_04658,BUYER_03584,ADDR_004513,legitimate,2010-09-26 03:44:48.171154432
BUYER_03353,BUYER_01678,ADDR_002048,legitimate,1972-07-31 06:51:37.987417088
BUYER_02848,BUYER_02986,ADDR_000897,legitimate,1988-09-03 18:40:53.756722048
BUYER_04841,BUYER_01904,ADDR_004797,legitimate,2002-09-28 09:07:56.401918592
BUYER_01668,BUYER_00882,ADDR_004819,legitimate,2016-01-07 11:15:26.965134336
BUYER_01255,BUYER_04005,ADDR_002264,legitimate,1987-06-07 17:46:56.563818816
BUYER_00088,BUYER_02239,ADDR_002000,legitimate,1986-10-27 02:23:28.229499904
BUYER_01672,BUYER_03107,ADDR_001284,fraud_linked,2011-04-06 08:49:14.306001664
BUYER_03471,BUYER_02050,ADDR_000784,legitimate,1982-04-27 07:19:12.948866880
BUYER_04037,BUYER_03181,ADDR_000907,fraud_linked,2020-03-06 23:12:46.379635200
BUYER_00577,BUYER_02502,ADDR_003217,legitimate,2014-04-10 15:23:59.153989888
BUYER_04814,BUYER_03117,ADDR_001934,legitimate,2020-01-06 19:42:30.323771136
BUYER_02677,BUYER_03859,ADDR_002745,legitimate,1989-11-05 08:54:37.868867456
BUYER_02325,BUYER_01371,ADDR_004925,legitimate,1979-04-30 20:05:08.755383488
BUYER_02253,BUYER_04659,ADDR_004709,legitimate,2002-10-14 15:02:42.692770176
BUYER_01626,BUYER_01809,ADDR_002320,legitimate,1980-09-06 23:26:45.339888448
BUYER_02574,BUYER_04198,ADDR_003130,legitimate,1984-12-10 14:52:55.708396672
BUYER_01776,BUYER_00040,ADDR_004433,legitimate,1992-06-19 00:51:33.028592640
BUYER_01943,BUYER_02865,ADDR_000464,legitimate,1995-12-11 04:00:15.302686080
BUYER_03979,BUYER_00965,ADDR_000978,legitimate,1988-02-04 03:18:59.135168192
BUYER_01830,BUYER_03067,ADDR_003163,legitimate,1985-12-25 20:50:35.651207680
BUYER_04646,BUYER_04939,ADDR_004246,legitimate,1983-11-10 15:58:33.822630208
BUYER_04382,BUYER_01242,ADDR_000706,legitimate,2008-08-30 15:01:18.330521344
BUYER_01823,BUYER_02939,ADDR_001371,legitimate,1987-03-03 05:29:46.792229184
BUYER_00682,BUYER_00004,ADDR_004166,legitimate,2008-11-25 17:20:24.793166592
BUYER_01701,BUYER_04206,ADDR_003637,legitimate,2011-08-13 10:54:25.603855104
BUYER_04112,BUYER_00706,ADDR_002217,legitimate,2010-01-04 22:45:45.392351232
BUYER_03519,BUYER_01099,ADDR_003302,fraud_linked,2021-03-18 17:20:08.776279552
BUYER_01218,BUYER_04803,ADDR_002703,legitimate,2023-06-15 00:26:09.612662528
BUYER_02631,BUYER_01640,ADDR_003185,legitimate,1978-04-10 00:48:53.771704928
BUYER_00157,BUYER_03647,ADDR_004387,legitimate,1987-12-28 19:58:47.322829184
BUYER_00184,BUYER_01493,ADDR_003709,fraud_linked,2014-02-13 11:13:30.724920832
BUYER_03053,BUYER_02741,ADDR_002833,fraud_linked,2013-10-16 15:12:11.962723328
BUYER_02210,BUYER_01509,ADDR_000848,legitimate,1974-01-09 22:02:20.460859616
BUYER_02427,BUYER_04504,ADDR_004674,fraud_linked,2023-11-16 07:31:15.687283200
BUYER_01790,BUYER_01544,ADDR_002258,legitimate,2017-12-14 21:19:33.082367744
BUYER_02628,BUYER_02242,ADDR_004557,fraud_linked,2020-05-11 11:12:43.774934272
BUYER_02600,BUYER_02397,ADDR_000100,legitimate,1981-06-28 09:16:12.875913600
BUYER_03393,BUYER_04050,ADDR_003743,legitimate,1998-01-29 09:58:56.615667456
BUYER_02867,BUYER_02326,ADDR_003950,legitimate,1994-09-13 19:24:39.215707904
BUYER_00543,BUYER_01389,ADDR_003385,legitimate,1990-03-19 05:48:02.697468160
BUYER_03251,BUYER_00035,ADDR_004820,fraud_linked,1982-10-10 18:24:41.285245120
BUYER_04162,BUYER_01346,ADDR_000320,legitimate,1977-11-12 21:17:35.852818560
BUYER_02142,BUYER_03032,ADDR_004619,legitimate,2018-10-03 03:25:07.883128064
BUYER_01969,BUYER_04336,ADDR_000959,legitimate,1999-09-24 12:09:32.944979200
BUYER_00793,BUYER_04179,ADDR_003130,fraud_linked,2003-09-01 18:33:39.608657920
BUYER_03506,BUYER_04652,ADDR_000748,fraud_linked,1984-09-09 09:42:15.481846336
BUYER_00340,BUYER_01438,ADDR_000829,legitimate,2022-05-13 23:01:28.118030080
BUYER_04345,BUYER_04066,ADDR_002380,legitimate,2022-06-10 00:07:17.477012736
BUYER_02662,BUYER_02330,ADDR_003534,legitimate,2007-08-14 20:02:50.727689472
BUYER_04659,BUYER_03065,ADDR_002817,legitimate,1987-12-28 02:11:43.484851200
BUYER_02051,BUYER_02612,ADDR_004011,fraud_linked,1983-01-31 01:01:11.083437504
BUYER_02423,BUYER_00678,ADDR_003132,fraud_linked,2003-05-11 07:52:08.707182848
BUYER_02819,BUYER_00018,ADDR_002145,legitimate,2016-08-25 06:53:47.574610432
BUYER_03876,BUYER_02240,ADDR_002004,legitimate,2024-02-25 09:22:03.988842496
BUYER_00883,BUYER_03908,ADDR_000449,fraud_linked,1973-11-14 12:47:32.608309248
BUYER_00102,BUYER_04371,ADDR_000643,fraud_linked,1988-10-01 21:01:45.979260928
BUYER_03739,BUYER_04945,ADDR_004222,fraud_linked,1991-12-09 14:31:59.524067968
BUYER_03080,BUYER_02366,ADDR_001666,legitimate,1990-09-13 13:13:27.895773056
BUYER_00107,BUYER_03872,ADDR_003467,legitimate,2007-05-31 17:54:22.571323392
BUYER_01950,BUYER_04092,ADDR_001177,fraud_linked,2000-09-01 03:02:28.455973248
BUYER_03157,BUYER_04359,ADDR_001420,legitimate,2019-12-03 11:45:51.268765184
BUYER_01249,BUYER_01328,ADDR_003911,legitimate,1982-07-04 16:34:10.056894080
BUYER_04992,BUYER_03770,ADDR_000491,legitimate,1992-05-24 18:27:46.551542528
BUYER_01583,BUYER_01610,ADDR_002759,legitimate,2000-04-30 15:41:19.779687168
BUYER_02862,BUYER_04261,ADDR_004477,fraud_linked,2015-10-01 15:40:45.253548800
BUYER_02185,BUYER_03653,ADDR_003820,fraud_linked,2016-02-10 07:42:31.870173184
BUYER_00434,BUYER_04646,ADDR_000008,fraud_linked,2018-02-17 14:01:44.014556416
BUYER_01307,BUYER_03453,ADDR_002463,legitimate,1999-02-05 16:30:10.918456064
BUYER_00271,BUYER_01098,ADDR_000071,fraud_linked,1983-07-28 19:22:21.299603584
BUYER_03444,BUYER_03870,ADDR_003211,legitimate,2010-09-07 14:55:13.247164672
BUYER_04423,BUYER_02255,ADDR_003567,legitimate,2023-06-18 20:30:41.900333056
BUYER_02625,BUYER_00159,ADDR_000269,legitimate,1986-01-06 16:45:19.737836160
BUYER_00556,BUYER_04933,ADDR_001453,fraud_linked,1981-02-25 21:01:26.643400704
BUYER_03496,BUYER_00714,ADDR_004595,fraud_linked,1971-04-25 14:12:23.749740512
BUYER_01825,BUYER_03603,ADDR_002738,fraud_linked,2007-05-05 00:35:25.079206144
BUYER_02045,BUYER_03767,ADDR_004358,fraud_linked,2000-07-18 11:02:00.386064384
BUYER_03378,BUYER_01594,ADDR_001017,legitimate,1977-08-04 21:09:33.006874048
BUYER_00284,BUYER_04676,ADDR_001434,fraud_linked,1981-03-20 23:49:41.867787904
BUYER_03907,BUYER_02262,ADDR_002270,legitimate,2007-02-07 06:55:05.895784704
BUYER_00318,BUYER_01577,ADDR_004384,fraud_linked,1994-06-13 07:37:50.664425216
BUYER_01621,BUYER_01206,ADDR_001154,fraud_linked,1983-02-07 20:22:11.581770688
BUYER_04826,BUYER_02880,ADDR_000168,legitimate,2003-12-12 20:38:21.142457216
BUYER_04310,BUYER_02401,ADDR_002755,legitimate,1973-01-01 11:36:14.316830496
BUYER_00343,BUYER_02758,ADDR_004653,legitimate,1970-12-18 11:37:24.303656400
BUYER_02029,BUYER_00696,ADDR_003895,fraud_linked,1984-08-25 17:44:48.875214528
BUYER_01662,BUYER_02172,ADDR_002375,legitimate,1986-04-02 22:47:40.672388480
BUYER_04979,BUYER_03974,ADDR_001553,legitimate,1975-11-23 15:39:14.458322144
BUYER_00984,BUYER_01776,ADDR_000999,fraud_linked,1976-06-25 09:57:48.346897952
BUYER_01325,BUYER_00131,ADDR_003242,legitimate,1979-06-11 21:41:49.893560064
BUYER_03081,BUYER_01519,ADDR_004295,legitimate,2010-08-05 00:30:14.046627328
BUYER_04408,BUYER_02974,ADDR_003517,fraud_linked,2015-02-26 11:00:39.999087360
BUYER_01212,BUYER_01615,ADDR_002423,legitimate,1980-03-20 01:42:34.981165056
BUYER_02330,BUYER_00119,ADDR_001927,legitimate,2006-10-18 22:03:45.275542528
BUYER_04550,BUYER_03778,ADDR_001879,fraud_linked,1983-02-16 11:50:50.207780480
BUYER_01221,BUYER_04884,ADDR_001296,legitimate,2019-04-16 06:47:01.870136576
BUYER_04605,BUYER_00490,ADDR_003461,legitimate,1985-02-06 07:18:55.381437184
BUYER_04513,BUYER_04054,ADDR_001491,legitimate,1977-04-25 20:11:18.602702016
BUYER_03261,BUYER_04263,ADDR_002421,fraud_linked,1994-08-16 06:02:59.304772608
BUYER_04193,BUYER_01045,ADDR_000731,legitimate,1978-09-07 06:48:16.325942016
BUYER_02989,BUYER_04499,ADDR_002267,fraud_linked,1981-02-25 10:44:57.773922368
BUYER_04036,BUYER_01278,ADDR_004218,legitimate,1989-01-09 04:40:51.962540160
BUYER_00821,BUYER_00778,ADDR_000718,legitimate,2007-01-07 15:19:20.582014976
BUYER_02432,BUYER_01279,ADDR_001056,legitimate,1976-08-04 22:52:10.317273696
BUYER_04390,BUYER_02162,ADDR_004663,legitimate,1985-12-13 11:25:09.949182848
BUYER_04132,BUYER_03742,ADDR_002402,fraud_linked,2018-01-28 00:22:38.038598144
BUYER_02356,BUYER_03700,ADDR_003466,legitimate,1985-05-16 05:03:09.983109312
BUYER_03821,BUYER_03572,ADDR_004711,legitimate,1979-06-25 04:08:36.686677248
BUYER_02613,BUYER_03019,ADDR_001489,fraud_linked,1999-11-28 11:55:49.993196032
BUYER_03652,BUYER_00512,ADDR_001255,legitimate,1971-12-03 01:59:03.352884080
BUYER_04174,BUYER_01419,ADDR_001400,fraud_linked,2015-01-12 04:01:47.156613632
BUYER_02597,BUYER_02132,ADDR_001453,legitimate,1982-07-02 21:01:04.885766464
BUYER_00111,BUYER_04486,ADDR_000603,legitimate,1977-06-27 21:41:04.391909664
BUYER_00931,BUYER_04909,ADDR_000509,legitimate,2015-04-09 01:41:51.665209088
BUYER_01827,BUYER_01983,ADDR_001032,legitimate,2017-03-15 01:28:42.835299840
BUYER_00023,BUYER_03035,ADDR_002271,fraud_linked,2011-02-27 21:00:52.779190272
BUYER_04795,BUYER_04409,ADDR_002764,legitimate,1983-03-07 17:27:41.098595136
BUYER_02276,BUYER_03549,ADDR_003434,fraud_linked,1999-07-16 03:23:18.624027776
BUYER_04433,BUYER_01632,ADDR_004422,legitimate,2024-04-07 22:20:37.503374592
BUYER_00474,BUYER_02545,ADDR_004693,legitimate,1996-10-13 09:46:26.257936640
BUYER_00155,BUYER_02955,ADDR_001141,legitimate,2023-03-08 00:10:01.925059840
BUYER_03873,BUYER_03423,ADDR_003691,fraud_linked,2007-11-23 08:56:15.342133504
BUYER_00188,BUYER_00699,ADDR_001553,fraud_linked,2017-04-29 20:50:08.678738688
BUYER_02502,BUYER_00377,ADDR_003346,legitimate,1980-10-26 15:44:25.959288704
BUYER_03268,BUYER_01892,ADDR_000144,legitimate,2021-11-24 23:43:49.710202624
BUYER_01162,BUYER_01920,ADDR_002024,fraud_linked,2017-10-17 09:56:51.321395968
BUYER_00992,BUYER_02960,ADDR_000022,legitimate,2013-12-21 23:50:25.547023616
BUYER_01723,BUYER_00850,ADDR_002067,legitimate,2022-09-17 00:40:49.301671680
BUYER_00182,BUYER_01245,ADDR_001822,fraud_linked,2014-03-10 05:29:10.251168768
BUYER_01524,BUYER_00097,ADDR_001498,legitimate,2002-04-27 19:18:30.633389184
BUYER_03354,BUYER_03991,ADDR_003017,fraud_linked,2006-05-06 19:25:15.295169792
BUYER_01037,BUYER_01802,ADDR_004775,legitimate,2015-12-24 09:28:26.803809024
BUYER_01518,BUYER_04471,ADDR_001164,legitimate,2011-12-19 15:27:28.669565952
BUYER_00550,BUYER_02774,ADDR_000869,legitimate,2003-03-01 06:08:18.129769600
BUYER_00301,BUYER_01022,ADDR_001089,legitimate,2003-07-07 17:03:27.785537920
BUYER_03485,BUYER_03235,ADDR_002768,fraud_linked,2019-04-20 20:32:52.578873344
BUYER_03078,BUYER_03052,ADDR_004197,legitimate,1970-08-11 21:16:23.776290600
BUYER_02555,BUYER_00166,ADDR_000366,fraud_linked,2010-03-22 00:18:15.338910208
BUYER_04147,BUYER_01774,ADDR_003142,legitimate,2001-09-13 07:05:33.281109888
BUYER_01189,BUYER_03888,ADDR_000723,fraud_linked,2016-12-13 21:55:44.702542080
BUYER_00603,BUYER_01402,ADDR_004497,fraud_linked,1981-07-19 23:12:11.212112896
BUYER_04397,BUYER_03238,ADDR_003675,legitimate,1999-06-12 12:35:57.714347776
BUYER_02246,BUYER_00208,ADDR_003119,legitimate,1977-03-13 11:49:52.538862592
BUYER_04640,BUYER_02510,ADDR_004254,legitimate,2006-12-11 03:24:29.907367424
BUYER_02133,BUYER_01092,ADDR_003216,legitimate,2012-10-13 03:09:21.338833920
BUYER_03843,BUYER_02698,ADDR_000724,fraud_linked,2004-12-08 18:04:24.873158784
BUYER_03326,BUYER_03911,ADDR_001429,fraud_linked,2001-02-02 19:32:36.194586496
BUYER_01900,BUYER_01276,ADDR_003042,legitimate,1989-04-07 11:25:55.806950016
BUYER_00661,BUYER_01097,ADDR_000853,legitimate,2005-11-05 20:15:30.873018496
BUYER_01928,BUYER_01405,ADDR_000588,legitimate,2020-05-17 15:13:12.585046784
BUYER_02039,BUYER_02503,ADDR_004615,fraud_linked,2010-05-31 20:14:04.521523200
BUYER_02670,BUYER_01319,ADDR_003666,legitimate,1971-05-05 08:34:12.186993136
BUYER_00525,BUYER_01623,ADDR_002105,legitimate,1998-07-07 19:58:16.002530944
BUYER_01797,BUYER_00337,ADDR_002963,legitimate,2011-04-03 06:53:42.032684544
BUYER_03574,BUYER_00503,ADDR_003958,fraud_linked,1998-04-05 17:55:49.839456128
BUYER_04500,BUYER_01134,ADDR_004124,legitimate,2003-02-20 05:05:51.510188160
BUYER_01441,BUYER_03028,ADDR_000751,legitimate,2021-01-19 10:30:12.874226432
BUYER_02933,BUYER_00999,ADDR_004231,legitimate,2018-12-12 11:24:42.327670784
BUYER_01123,BUYER_01343,ADDR_002050,fraud_linked,1974-08-09 19:43:05.817514880
BUYER_04373,BUYER_04227,ADDR_003216,fraud_linked,1998-08-14 07:45:58.105915136
BUYER_03623,BUYER_04947,ADDR_000061,fraud_linked,2004-11-13 21:21:13.953508736
BUYER_02935,BUYER_00236,ADDR_003744,fraud_linked,2017-09-20 14:27:33.593108992
BUYER_02793,BUYER_02230,ADDR_001766,legitimate,1984-11-28 04:30:24.645027264
BUYER_02096,BUYER_03346,ADDR_002967,legitimate,1977-11-17 21:09:26.182647232
BUYER_04523,BUYER_03145,ADDR_001194,fraud_linked,2003-06-18 17:36:00.130200320
BUYER_01877,BUYER_00266,ADDR_003240,legitimate,1996-03-19 22:34:29.999050112
BUYER_02380,BUYER_04712,ADDR_000611,legitimate,1984-06-21 23:54:32.201738048
BUYER_02984,BUYER_00703,ADDR_001107,legitimate,2022-10-21 20:48:32.006430464
BUYER_00348,BUYER_04034,ADDR_004857,fraud_linked,1987-10-27 18:56:29.410220736
BUYER_04677,BUYER_01542,ADDR_002578,legitimate,1973-02-23 21:24:02.200145264
BUYER_01451,BUYER_00036,ADDR_000514,legitimate,1973-05-06 18:17:03.780639920
BUYER_02957,BUYER_00154,ADDR_001834,legitimate,1981-04-21 23:38:30.541668352
BUYER_00479,BUYER_01589,ADDR_001905,legitimate,1976-08-02 15:04:10.363874752
BUYER_04137,BUYER_02180,ADDR_000277,legitimate,1992-02-19 18:11:21.248083712
BUYER_02150,BUYER_04314,ADDR_003820,legitimate,1974-07-23 12:15:26.111150512
BUYER_00227,BUYER_00348,ADDR_004196,fraud_linked,2001-06-13 09:30:59.821411584
BUYER_04118,BUYER_01992,ADDR_004223,fraud_linked,1992-11-25 21:25:34.376219904
BUYER_01965,BUYER_01344,ADDR_002788,legitimate,2003-07-04 13:15:56.127567360
BUYER_04102,BUYER_01000,ADDR_001320,legitimate,2025-05-25 01:45:05.369850112
BUYER_01132,BUYER_00604,ADDR_001269,fraud_linked,2025-07-18 12:41:24.222480384
BUYER_02556,BUYER_00812,ADDR_001231,legitimate,1993-05-21 09:46:40.831502976
BUYER_00099,BUYER_01061,ADDR_004740,legitimate,1990-08-04 05:25:54.904513408
BUYER_00867,BUYER_00333,ADDR_003489,legitimate,2008-03-08 07:17:27.172196352
BUYER_03934,BUYER_01431,ADDR_003161,legitimate,1990-08-17 00:36:16.707472768
BUYER_03708,BUYER_00017,ADDR_002130,legitimate,2013-08-05 17:15:41.773229824
BUYER_00678,BUYER_03488,ADDR_002307,legitimate,2003-09-18 11:20:48.843639680
BUYER_01581,BUYER_00528,ADDR_003392,legitimate,1981-03-20 10:30:28.329537152
BUYER_01373,BUYER_03550,ADDR_000078,legitimate,1993-04-06 09:54:40.074900736
BUYER_04217,BUYER_00648,ADDR_001596,legitimate,2018-05-16 04:02:18.169220608
BUYER_01160,BUYER_04737,ADDR_001781,legitimate,2001-01-04 20:27:40.145052160
BUYER_01170,BUYER_01756,ADDR_004594,legitimate,2009-10-08 20:05:33.077891584
BUYER_03418,BUYER_01634,ADDR_004143,legitimate,2009-10-07 11:34:16.021124864
BUYER_01352,BUYER_00465,ADDR_003495,legitimate,1997-01-11 02:22:57.465866496
BUYER_00566,BUYER_02543,ADDR_003977,legitimate,1986-08-03 00:20:22.075204864
BUYER_02859,BUYER_02310,ADDR_000011,legitimate,2003-06-02 03:22:16.155422720
BUYER_02635,BUYER_02007,ADDR_000431,legitimate,1976-05-19 08:29:44.323274208
BUYER_03334,BUYER_03757,ADDR_004080,legitimate,2003-06-23 05:27:16.639899008
BUYER_02222,BUYER_03528,ADDR_002075,legitimate,1975-10-21 13:49:41.188452864
BUYER_02573,BUYER_03850,ADDR_003541,legitimate,2020-07-03 11:22:09.311970560
BUYER_02716,BUYER_04172,ADDR_003570,legitimate,2011-09-02 15:18:57.916590336
BUYER_02293,BUYER_04282,ADDR_000772,legitimate,1980-03-12 00:05:53.631690688
BUYER_04389,BUYER_04055,ADDR_000886,legitimate,2013-12-14 01:00:58.747207424
BUYER_02533,BUYER_04390,ADDR_002920,legitimate,2010-08-30 10:57:55.242830080
BUYER_01103,BUYER_00384,ADDR_003736,legitimate,2010-10-22 09:06:11.040752640
BUYER_04993,BUYER_03791,ADDR_002840,fraud_linked,1988-10-24 01:14:51.123932544
BUYER_01322,BUYER_00866,ADDR_000099,legitimate,1999-04-20 08:08:39.482538624
BUYER_03619,BUYER_01622,ADDR_003481,legitimate,2002-10-29 05:25:32.023216256
BUYER_03424,BUYER_03058,ADDR_004617,legitimate,1991-02-23 00:08:41.210892288
BUYER_04230,BUYER_04964,ADDR_003607,legitimate,2001-05-28 18:39:43.352997248
BUYER_03728,BUYER_03552,ADDR_000660,fraud_linked,1983-09-16 07:29:42.556025920
BUYER_01898,BUYER_01529,ADDR_004400,legitimate,2018-12-31 13:40:26.475067392
BUYER_00279,BUYER_01312,ADDR_003267,legitimate,2023-10-12 13:40:53.580362752
BUYER_00872,BUYER_01502,ADDR_003932,legitimate,1988-05-02 09:01:33.928864896
BUYER_03879,BUYER_03060,ADDR_000319,fraud_linked,1989-03-18 11:27:40.353659520
BUYER_02297,BUYER_04110,ADDR_002191,fraud_linked,1982-02-25 03:36:54.888076224
BUYER_02658,BUYER_03780,ADDR_003271,fraud_linked,2018-06-08 02:11:51.735280896
BUYER_02742,BUYER_03594,ADDR_001583,legitimate,1979-03-13 04:56:22.149848768
BUYER_04777,BUYER_00667,ADDR_000463,legitimate,2014-09-30 03:53:09.956424960
BUYER_03926,BUYER_02411,ADDR_000543,fraud_linked,2016-08-14 00:40:40.215595008
BUYER_04856,BUYER_00730,ADDR_001639,legitimate,1987-09-30 14:16:30.882798208
BUYER_04867,BUYER_00355,ADDR_001324,legitimate,2013-07-06 06:04:34.255689728
BUYER_02224,BUYER_01135,ADDR_000476,fraud_linked,1995-05-25 19:14:13.572596096
BUYER_04757,BUYER_00881,ADDR_001908,legitimate,1989-07-20 02:39:20.773730176
BUYER_04966,BUYER_01221,ADDR_000617,fraud_linked,2020-01-13 10:36:20.546251264
BUYER_02112,BUYER_04128,ADDR_001076,fraud_linked,1995-06-06 03:39:02.812264064
BUYER_01293,BUYER_01583,ADDR_002500,fraud_linked,1973-02-22 15:40:01.716768976
BUYER_04355,BUYER_02282,ADDR_004150,legitimate,2005-07-21 07:54:41.863293056
BUYER_04302,BUYER_04159,ADDR_004284,legitimate,2006-11-13 01:03:45.747956736
BUYER_00657,BUYER_02237,ADDR_001386,legitimate,2005-07-23 21:30:09.918647936
BUYER_02474,BUYER_04989,ADDR_000841,fraud_linked,1990-03-19 14:19:40.145312768
BUYER_02587,BUYER_01409,ADDR_003901,fraud_linked,2008-01-08 06:36:41.766757376
BUYER_00817,BUYER_02382,ADDR_003253,fraud_linked,1986-05-05 01:49:49.611466944
BUYER_01769,BUYER_00895,ADDR_003555,fraud_linked,1996-01-13 12:42:55.580723072
BUYER_02313,BUYER_02745,ADDR_004310,legitimate,1982-03-07 03:11:22.634686080
BUYER_04634,BUYER_03349,ADDR_000132,fraud_linked,2004-05-12 17:49:45.434292864
BUYER_01440,BUYER_00112,ADDR_002912,legitimate,2015-05-26 00:55:09.309536000
BUYER_03968,BUYER_01030,ADDR_000860,fraud_linked,1975-07-09 23:06:31.554147008
BUYER_04720,BUYER_00274,ADDR_001691,fraud_linked,1971-07-27 06:54:12.249704152
BUYER_04042,BUYER_04318,ADDR_003628,legitimate,2012-08-20 08:18:12.349000960
BUYER_01562,BUYER_02189,ADDR_001584,legitimate,1988-02-13 12:57:40.785728704
BUYER_03009,BUYER_01505,ADDR_000858,legitimate,1988-03-03 22:34:06.356049152
BUYER_04527,BUYER_01356,ADDR_004331,fraud_linked,2001-08-25 12:04:59.964059392
BUYER_01136,BUYER_00521,ADDR_001778,legitimate,1997-04-14 17:37:40.370550272
BUYER_01844,BUYER_01522,ADDR_003702,legitimate,1976-11-09 00:58:42.834606496
BUYER_02663,BUYER_01651,ADDR_004035,legitimate,2012-08-06 01:29:43.936757504
BUYER_00252,BUYER_02231,ADDR_003967,legitimate,1979-12-01 22:54:23.004866752
BUYER_02588,BUYER_00813,ADDR_001394,fraud_linked,2016-04-07 07:02:08.312557568
BUYER_03181,BUYER_04610,ADDR_004787,legitimate,2012-10-24 23:29:25.779082496
BUYER_00766,BUYER_02003,ADDR_001958,legitimate,1979-05-31 06:26:38.608719616
BUYER_04396,BUYER_02630,ADDR_000760,fraud_linked,2012-06-21 15:34:19.712686848
BUYER_03259,BUYER_04912,ADDR_002272,legitimate,2007-01-12 01:17:47.403881728
BUYER_01429,BUYER_02381,ADDR_001354,legitimate,2024-12-24 12:54:05.948715008
BUYER_03291,BUYER_04789,ADDR_000875,legitimate,2009-11-16 21:35:40.783242240
BUYER_04406,BUYER_04384,ADDR_000492,fraud_linked,1991-11-20 12:14:39.556117888
BUYER_04271,BUYER_02935,ADDR_003541,fraud_linked,2004-09-28 18:35:25.507128576
BUYER_03459,BUYER_02245,ADDR_004594,legitimate,2007-01-31 03:27:53.927507968
BUYER_00193,BUYER_02033,ADDR_001384,legitimate,2011-10-08 22:19:10.096857600
BUYER_02798,BUYER_02090,ADDR_002489,legitimate,1996-04-09 15:08:54.511462272
BUYER_03392,BUYER_04069,ADDR_002338,legitimate,2016-05-11 07:31:31.661230592
BUYER_01381,BUYER_00440,ADDR_001620,legitimate,1986-02-09 08:44:40.222435392
BUYER_01011,BUYER_03188,ADDR_000514,legitimate,2023-12-12 22:40:19.992394496
BUYER_01327,BUYER_04264,ADDR_004514,legitimate,1987-06-04 05:51:52.055515520
BUYER_00350,BUYER_03092,ADDR_001194,fraud_linked,1972-02-27 12:07:08.966659648
BUYER_04236,BUYER_00344,ADDR_002540,legitimate,1981-04-02 15:20:22.676511680
BUYER_00775,BUYER_00785,ADDR_004551,legitimate,2021-12-09 09:55:13.567964672
BUYER_00564,BUYER_03403,ADDR_000222,fraud_linked,2014-04-03 04:25:05.894501888
BUYER_01538,BUYER_00480,ADDR_003232,legitimate,1994-08-20 20:55:42.555089408
BUYER_03651,BUYER_00874,ADDR_004287,fraud_linked,2020-09-10 01:49:59.032305152
BUYER_01806,BUYER_04854,ADDR_003239,legitimate,1983-11-08 18:20:31.976744256
BUYER_01996,BUYER_00830,ADDR_004628,fraud_linked,1983-02-14 13:16:29.639569216
BUYER_03329,BUYER_01447,ADDR_003358,legitimate,1977-04-09 07:48:47.075955392
BUYER_02687,BUYER_00206,ADDR_004663,fraud_linked,1994-10-22 10:31:07.024615296
BUYER_04514,BUYER_01785,ADDR_002549,fraud_linked,1998-10-26 05:55:04.559578368
BUYER_03564,BUYER_01543,ADDR_003599,legitimate,1978-03-05 23:19:07.463746176
BUYER_00189,BUYER_01167,ADDR_000739,legitimate,1976-06-20 02:56:48.672970976
BUYER_01613,BUYER_01636,ADDR_002411,fraud_linked,1991-11-25 08:42:47.063539840
BUYER_01280,BUYER_02083,ADDR_003316,legitimate,1983-01-26 06:35:44.360126912
BUYER_03627,BUYER_01676,ADDR_004468,legitimate,2002-03-08 02:21:49.949790464
BUYER_03994,BUYER_04562,ADDR_004840,legitimate,1999-05-22 22:09:58.907478272
BUYER_00539,BUYER_02646,ADDR_002457,legitimate,1979-02-23 08:36:39.206078208
BUYER_03985,BUYER_00443,ADDR_000842,legitimate,1970-10-19 17:10:10.832042720
BUYER_01427,BUYER_02496,ADDR_002370,legitimate,2006-02-16 03:20:59.029111040
BUYER_01377,BUYER_03315,ADDR_000734,legitimate,2013-04-17 11:06:39.176109312
BUYER_00202,BUYER_00215,ADDR_004059,legitimate,1997-05-16 00:06:44.722741504
BUYER_00316,BUYER_02088,ADDR_000292,legitimate,2002-04-02 09:03:07.190999552
BUYER_00028,BUYER_01028,ADDR_004023,fraud_linked,2023-11-09 15:44:38.658511104
BUYER_03757,BUYER_01248,ADDR_003489,legitimate,2013-01-01 13:58:07.239475200
BUYER_00517,BUYER_03734,ADDR_000798,legitimate,1988-09-23 23:46:53.931240448
BUYER_04972,BUYER_02084,ADDR_001552,legitimate,2017-08-16 06:23:06.491121152
BUYER_04461,BUYER_03371,ADDR_004483,fraud_linked,2000-09-27 12:38:16.394133888
BUYER_01746,BUYER_00668,ADDR_003195,legitimate,1999-04-03 19:43:13.999490048
BUYER_02067,BUYER_01208,ADDR_000715,legitimate,2008-10-05 03:30:36.621148928
BUYER_04654,BUYER_02887,ADDR_000638,legitimate,1994-01-30 19:29:21.692477440
BUYER_01612,BUYER_00311,ADDR_001813,legitimate,2019-04-30 20:30:34.120185600
BUYER_00073,BUYER_04767,ADDR_003655,fraud_linked,1979-06-01 11:13:12.662224704
BUYER_04352,BUYER_01855,ADDR_004081,legitimate,1993-08-29 04:40:29.292519424
BUYER_04429,BUYER_00877,ADDR_002504,fraud_linked,1973-09-07 17:41:48.945987520
BUYER_04648,BUYER_00076,ADDR_000854,legitimate,2009-07-08 09:40:03.967046656
BUYER_01644,BUYER_01653,ADDR_001915,legitimate,1985-03-06 04:25:50.159851584
BUYER_02923,BUYER_03729,ADDR_000995,legitimate,1993-11-08 21:36:48.570737408
BUYER_04726,BUYER_02223,ADDR_001207,legitimate,2019-08-23 01:50:15.893403136
BUYER_01888,BUYER_02370,ADDR_003451,fraud_linked,1980-06-23 16:37:56.580014848
BUYER_00969,BUYER_02416,ADDR_003386,legitimate,1970-03-08 09:18:10.035072967
BUYER_00581,BUYER_02628,ADDR_004417,legitimate,2002-05-25 19:47:44.378451328
BUYER_03267,BUYER_04720,ADDR_003248,legitimate,1994-07-14 13:37:34.020856832
BUYER_00761,BUYER_03180,ADDR_002460,fraud_linked,1973-02-17 09:59:08.369694512
BUYER_03896,BUYER_01940,ADDR_003048,fraud_linked,1986-08-18 10:32:17.751385728
BUYER_01306,BUYER_03175,ADDR_001003,legitimate,1983-06-07 23:01:17.611789440
BUYER_02870,BUYER_03261,ADDR_002872,legitimate,1984-08-20 10:53:06.390559488
BUYER_01973,BUYER_00992,ADDR_004722,legitimate,2014-03-26 06:03:14.088525312
BUYER_02206,BUYER_03264,ADDR_001239,legitimate,1987-02-08 01:44:09.589907584
BUYER_02487,BUYER_01806,ADDR_001402,legitimate,1997-06-12 17:58:44.422172416
BUYER_02343,BUYER_04808,ADDR_003778,legitimate,1984-11-28 12:35:30.222135104
BUYER_02284,BUYER_03239,ADDR_002366,legitimate,2023-03-26 09:46:36.343028736
BUYER_04987,BUYER_00508,ADDR_000340,legitimate,2013-05-14 14:35:54.089262592
BUYER_04044,BUYER_03472,ADDR_000958,legitimate,1993-09-26 01:57:02.190247168
BUYER_03289,BUYER_01934,ADDR_003118,legitimate,2010-09-22 13:08:14.631441920
BUYER_01660,BUYER_00066,ADDR_004248,legitimate,1987-09-02 01:30:25.671340864
BUYER_03108,BUYER_00594,ADDR_003528,fraud_linked,1974-08-28 09:22:21.898676288
BUYER_02465,BUYER_03489,ADDR_004474,legitimate,1994-02-21 02:19:48.726722944
BUYER_02741,BUYER_04693,ADDR_002724,legitimate,2001-08-22 06:00:42.897940224
BUYER_03450,BUYER_00953,ADDR_001405,fraud_linked,1989-08-07 13:25:10.485582976
BUYER_03635,BUYER_01398,ADDR_002105,fraud_linked,1992-07-08 21:29:23.753435392
BUYER_01964,BUYER_02470,ADDR_000117,fraud_linked,2010-01-08 23:58:06.959215104
BUYER_03944,BUYER_00553,ADDR_003775,legitimate,2020-02-24 17:20:02.937492480
BUYER_01684,BUYER_01867,ADDR_003937,legitimate,2020-01-28 07:05:18.679062272
BUYER_01332,BUYER_01044,ADDR_000252,legitimate,2002-04-06 07:03:33.061127936
BUYER_04756,BUYER_03867,ADDR_004660,fraud_linked,2005-04-09 11:19:46.154595584
BUYER_02684,BUYER_01959,ADDR_004751,legitimate,1999-11-12 00:59:40.401128704
BUYER_04472,BUYER_03026,ADDR_003261,legitimate,1990-10-28 14:17:10.009981568
BUYER_03034,BUYER_00126,ADDR_002822,legitimate,2011-05-08 21:54:57.414601472
BUYER_03467,BUYER_01103,ADDR_002423,legitimate,1976-04-12 09:04:14.696372320
BUYER_00822,BUYER_01944,ADDR_003878,legitimate,2020-01-26 09:52:13.483014144
BUYER_00584,BUYER_02989,ADDR_004563,legitimate,1985-12-05 08:50:06.157705344
BUYER_00874,BUYER_04032,ADDR_004218,legitimate,1982-04-19 12:11:16.942922112
BUYER_04567,BUYER_02739,ADDR_000005,fraud_linked,1985-05-20 17:49:45.905606720
BUYER_00659,BUYER_04826,ADDR_002881,fraud_linked,2015-06-19 20:20:25.940800256
BUYER_00605,BUYER_01663,ADDR_000517,legitimate,1985-02-05 11:23:04.121633984
BUYER_01747,BUYER_02979,ADDR_001985,legitimate,2004-02-26 20:01:53.247858944
BUYER_01970,BUYER_02695,ADDR_003491,fraud_linked,1989-04-03 00:04:57.143102208
BUYER_04099,BUYER_04779,ADDR_000138,legitimate,2006-10-11 10:14:21.568138752
BUYER_03023,BUYER_01875,ADDR_004782,legitimate,2003-02-25 20:42:57.040134656
BUYER_04883,BUYER_01139,ADDR_004176,legitimate,2025-11-15 08:43:44.703683584
BUYER_00546,BUYER_02661,ADDR_003495,legitimate,1987-06-14 23:34:19.674794688
BUYER_00013,BUYER_00410,ADDR_002293,legitimate,1989-08-16 21:01:34.538204672
BUYER_03139,BUYER_03455,ADDR_000891,legitimate,1981-03-05 17:25:13.009451648
BUYER_02275,BUYER_00989,ADDR_003719,legitimate,1996-01-04 05:43:11.203925120
BUYER_02058,BUYER_02359,ADDR_004194,legitimate,2016-11-24 19:39:02.448118528
BUYER_00027,BUYER_00863,ADDR_001948,fraud_linked,1981-11-10 12:27:49.546567360
BUYER_00779,BUYER_00189,ADDR_002457,legitimate,2023-11-03 12:00:21.275043328
BUYER_02398,BUYER_04335,ADDR_001149,legitimate,1970-10-17 04:45:09.163084860
BUYER_01135,BUYER_00871,ADDR_004918,fraud_linked,2015-02-05 16:21:26.256710912
BUYER_00629,BUYER_02347,ADDR_000146,legitimate,2008-09-30 01:49:04.254496256
BUYER_00947,BUYER_04423,ADDR_001396,legitimate,2020-09-12 01:37:40.175504384
BUYER_02698,BUYER_03396,ADDR_001351,legitimate,1999-04-01 09:03:54.548744448
BUYER_03115,BUYER_04938,ADDR_001579,fraud_linked,2008-02-25 05:01:27.319848448
BUYER_04177,BUYER_00637,ADDR_003288,fraud_linked,1972-10-27 04:38:51.225679632
BUYER_04244,BUYER_04426,ADDR_002596,legitimate,1992-02-13 02:01:31.221335296
BUYER_02460,BUYER_01146,ADDR_000392,fraud_linked,2013-03-03 18:39:28.972599040
BUYER_02263,BUYER_01258,ADDR_003701,legitimate,1976-02-26 01:58:12.021464064
BUYER_01045,BUYER_00364,ADDR_002466,fraud_linked,2013-10-28 18:12:38.164349440
BUYER_00328,BUYER_03483,ADDR_000802,legitimate,1987-04-21 05:59:27.527394112
BUYER_04308,BUYER_01294,ADDR_000889,legitimate,1989-10-20 20:57:03.232651136
BUYER_00068,BUYER_04003,ADDR_002451,legitimate,2006-04-09 22:17:41.649957120
BUYER_02997,BUYER_00235,ADDR_002064,legitimate,1974-06-06 06:05:03.050853280
BUYER_00333,BUYER_01850,ADDR_002765,legitimate,2004-12-31 03:20:44.288062720
BUYER_00555,BUYER_02241,ADDR_001826,fraud_linked,2021-03-04 03:49:05.809933568
BUYER_03790,BUYER_00537,ADDR_004201,fraud_linked,1975-04-21 03:42:40.888686176
BUYER_02205,BUYER_02531,ADDR_002116,legitimate,1984-03-17 19:28:08.246405760
BUYER_00679,BUYER_00591,ADDR_004725,fraud_linked,1970-10-27 21:16:12.011768272
BUYER_02557,BUYER_04960,ADDR_004751,fraud_linked,1999-01-13 05:54:37.281515008
BUYER_00535,BUYER_03276,ADDR_002929,fraud_linked,2010-12-12 19:32:45.998793728
BUYER_01096,BUYER_01166,ADDR_001239,legitimate,2021-11-18 02:58:45.264510208
BUYER_02361,BUYER_03103,ADDR_000846,legitimate,1990-08-24 02:15:45.511102208
BUYER_03257,BUYER_00064,ADDR_001710,fraud_linked,1978-05-18 18:42:58.248697312
BUYER_02998,BUYER_02368,ADDR_002444,legitimate,1971-09-07 11:52:17.633456544
BUYER_04480,BUYER_01726,ADDR_003024,legitimate,1988-03-28 02:02:12.693304384
BUYER_00186,BUYER_00841,ADDR_002817,legitimate,1998-09-17 11:48:58.738865408
BUYER_04731,BUYER_00511,ADDR_002680,legitimate,2020-06-12 12:40:57.474454528
BUYER_03579,BUYER_02729,ADDR_003233,legitimate,1982-03-01 22:52:33.814971264
BUYER_00123,BUYER_04559,ADDR_003401,legitimate,2013-10-06 08:40:55.865243392
BUYER_00957,BUYER_04220,ADDR_001429,legitimate,1996-12-16 19:11:43.342697216
BUYER_01780,BUYER_00300,ADDR_002488,legitimate,2018-08-03 09:33:37.515612160
BUYER_04851,BUYER_03271,ADDR_003189,legitimate,2018-05-04 01:38:41.610599424
BUYER_04733,BUYER_03185,ADDR_004030,legitimate,2018-01-14 07:03:18.193885696
BUYER_04691,BUYER_02432,ADDR_000015,legitimate,1992-07-04 20:55:37.875432960
BUYER_01350,BUYER_04865,ADDR_000376,legitimate,1989-06-04 06:49:06.838063616
BUYER_03999,BUYER_04218,ADDR_001329,legitimate,1981-08-26 16:58:06.765933824
BUYER_00623,BUYER_03968,ADDR_000591,fraud_linked,1982-11-01 19:44:51.552912128
BUYER_03104,BUYER_01768,ADDR_002133,legitimate,2004-07-12 13:24:07.009591808
BUYER_03484,BUYER_04695,ADDR_000314,legitimate,2023-11-14 08:31:17.076339968
BUYER_03420,BUYER_02817,ADDR_002269,legitimate,2003-12-15 17:14:01.651761152
BUYER_00426,BUYER_03166,ADDR_002148,legitimate,1993-02-14 03:13:03.133359744
BUYER_03505,BUYER_01899,ADDR_003324,legitimate,1983-08-14 13:17:06.553008320
BUYER_01403,BUYER_03473,ADDR_004162,fraud_linked,2006-07-12 18:43:42.991474944
BUYER_02646,BUYER_04343,ADDR_000882,legitimate,1981-11-09 13:42:51.278311680
BUYER_02406,BUYER_04260,ADDR_002504,legitimate,1975-04-13 03:21:27.624314816
BUYER_00314,BUYER_01952,ADDR_003470,legitimate,1975-04-16 12:56:26.154200768
BUYER_03957,BUYER_03798,ADDR_002364,legitimate,2017-08-19 11:54:53.206950656
BUYER_03146,BUYER_04880,ADDR_002933,legitimate,1991-06-10 20:48:16.210925056
BUYER_01014,BUYER_03202,ADDR_001353,fraud_linked,2022-08-29 23:32:41.617006336
BUYER_04906,BUYER_03079,ADDR_004589,legitimate,1997-11-05 01:57:47.424308736
BUYER_00567,BUYER_04297,ADDR_004798,legitimate,2008-09-27 16:13:13.117243648
BUYER_02794,BUYER_03100,ADDR_004427,legitimate,2016-04-26 03:23:53.443228672
BUYER_02718,BUYER_04756,ADDR_004778,legitimate,2018-12-23 11:33:49.956847104
BUYER_01098,BUYER_04313,ADDR_003480,legitimate,1979-02-24 14:25:45.464299232
BUYER_03709,BUYER_02000,ADDR_000462,legitimate,1982-03-06 12:25:07.907355392
BUYER_02582,BUYER_01158,ADDR_001448,legitimate,1978-06-15 02:29:24.098907520
BUYER_03521,BUYER_01461,ADDR_004518,fraud_linked,1994-12-25 01:33:32.324419840
BUYER_04832,BUYER_00563,ADDR_000226,legitimate,1978-09-24 03:26:46.373896032
BUYER_00203,BUYER_03354,ADDR_004031,fraud_linked,2006-06-20 05:14:33.554517120
BUYER_03874,BUYER_02957,ADDR_001466,fraud_linked,1990-05-09 22:09:14.550221696
BUYER_02868,BUYER_00610,ADDR_000190,legitimate,2023-12-27 21:11:27.940427264
BUYER_00769,BUYER_03679,ADDR_000711,legitimate,2015-09-27 09:04:24.853794304
BUYER_03572,BUYER_03311,ADDR_001857,legitimate,2010-07-29 07:32:53.192417024
BUYER_04798,BUYER_03481,ADDR_004457,legitimate,2008-08-01 13:45:55.110863104
BUYER_03517,BUYER_04820,ADDR_000169,legitimate,1972-04-09 12:58:26.185727680
BUYER_03740,BUYER_00501,ADDR_000539,legitimate,1974-09-27 03:11:19.502921248
BUYER_00480,BUYER_03309,ADDR_002124,legitimate,1994-03-25 12:48:03.573057280
BUYER_03136,BUYER_04517,ADDR_003554,legitimate,2021-03-24 02:23:32.542174464
BUYER_00717,BUYER_02404,ADDR_002942,legitimate,1975-04-26 12:23:12.095588608
BUYER_03374,BUYER_02879,ADDR_003286,legitimate,1993-07-23 19:48:21.312008576
BUYER_01749,BUYER_04064,ADDR_001224,fraud_linked,2014-06-21 02:49:40.450860032
BUYER_01508,BUYER_02042,ADDR_004177,legitimate,1987-12-12 13:47:22.218799040
BUYER_01728,BUYER_03825,ADDR_000213,fraud_linked,2022-01-18 02:21:22.215838720
BUYER_03002,BUYER_03034,ADDR_000234,fraud_linked,2022-05-06 17:54:17.020971776
BUYER_01146,BUYER_00955,ADDR_000559,fraud_linked,1973-03-30 11:03:19.727222704
BUYER_03183,BUYER_03120,ADDR_002985,legitimate,2004-07-16 02:11:02.207381248
BUYER_00964,BUYER_03588,ADDR_003529,fraud_linked,1978-03-14 19:37:05.761317152
BUYER_02103,BUYER_00405,ADDR_001180,legitimate,1994-09-23 09:08:55.534391808
BUYER_00879,BUYER_04923,ADDR_000972,legitimate,2020-04-12 20:55:17.284068864
BUYER_02729,BUYER_01948,ADDR_001115,legitimate,1974-02-28 06:45:15.710994336
BUYER_03919,BUYER_03224,ADDR_001258,legitimate,2022-06-30 02:31:41.786418176
BUYER_03766,BUYER_04033,ADDR_003379,fraud_linked,2025-09-08 19:23:16.280508160
BUYER_00624,BUYER_03795,ADDR_001762,legitimate,2007-07-21 05:32:28.624989952
BUYER_01565,BUYER_01585,ADDR_000514,legitimate,1989-12-26 23:04:25.747616256
BUYER_02258,BUYER_00639,ADDR_000501,legitimate,1984-02-06 06:29:31.663292352
BUYER_03474,BUYER_03047,ADDR_004111,legitimate,1994-04-04 16:42:54.442578432
BUYER_04680,BUYER_02186,ADDR_001490,fraud_linked,1980-02-12 16:58:28.819846784
BUYER_01541,BUYER_04239,ADDR_001185,fraud_linked,1971-03-06 23:32:38.598420116
BUYER_04904,BUYER_00839,ADDR_004656,legitimate,1973-07-26 04:54:31.366330032
BUYER_04936,BUYER_00193,ADDR_000019,legitimate,2007-03-06 17:03:47.852332800
BUYER_03278,BUYER_00513,ADDR_001692,legitimate,1971-03-21 07:46:03.412884488
BUYER_00144,BUYER_00969,ADDR_003062,legitimate,1986-12-02 23:45:49.477703232
BUYER_00816,BUYER_02533,ADDR_001509,legitimate,2007-11-23 18:57:30.279622656
BUYER_04978,BUYER_02898,ADDR_000235,fraud_linked,1979-11-01 11:58:30.846927808
BUYER_01760,BUYER_04170,ADDR_004223,legitimate,1988-08-23 16:59:37.549915136
BUYER_02811,BUYER_04490,ADDR_001806,legitimate,1971-10-25 17:15:53.688703512
BUYER_02024,BUYER_00821,ADDR_003941,legitimate,1976-05-06 12:20:17.593220480
BUYER_01805,BUYER_00052,ADDR_000251,legitimate,1982-09-11 14:46:46.547837248
BUYER_00198,BUYER_02357,ADDR_004918,fraud_linked,1977-02-11 10:01:57.596863008
BUYER_00164,BUYER_02283,ADDR_000260,legitimate,1996-06-18 19:23:10.541097856
BUYER_03536,BUYER_01837,ADDR_001422,fraud_linked,1977-02-27 04:52:41.713098432
BUYER_02824,BUYER_00702,ADDR_002087,legitimate,1987-02-16 22:38:46.036277760
BUYER_00308,BUYER_03786,ADDR_002147,fraud_linked,2010-07-14 19:01:07.786429696
BUYER_01239,BUYER_04429,ADDR_001113,legitimate,2006-08-20 07:31:01.844746240
BUYER_01408,BUYER_03105,ADDR_003481,legitimate,1991-06-26 02:05:52.241246592
BUYER_01471,BUYER_00758,ADDR_002474,legitimate,2022-02-21 22:37:38.877729536
BUYER_03166,BUYER_04407,ADDR_001230,legitimate,2014-02-04 09:49:14.819761664
BUYER_04328,BUYER_03339,ADDR_002883,legitimate,2004-01-09 14:39:54.900774912
BUYER_04262,BUYER_04522,ADDR_000416,legitimate,1994-06-28 20:05:34.865567872
BUYER_00472,BUYER_01095,ADDR_003356,legitimate,1973-06-01 02:00:53.558254416
BUYER_01009,BUYER_03030,ADDR_003936,fraud_linked,1993-02-25 01:31:30.352198400
BUYER_01596,BUYER_04103,ADDR_003167,fraud_linked,2000-07-23 13:15:46.421813248
BUYER_04565,BUYER_01962,ADDR_004758,fraud_linked,2025-06-30 11:05:54.232463360
BUYER_00614,BUYER_01839,ADDR_002125,fraud_linked,2023-04-17 04:31:27.297225728
BUYER_04332,BUYER_01717,ADDR_003284,fraud_linked,1976-05-02 02:46:39.491819776
BUYER_04858,BUYER_01902,ADDR_000506,legitimate,2024-11-02 08:29:39.063030784
BUYER_01462,BUYER_03497,ADDR_003247,fraud_linked,2012-04-09 04:58:09.509784064
BUYER_03142,BUYER_01847,ADDR_003284,legitimate,2008-03-16 01:54:18.147933440
BUYER_01818,BUYER_03605,ADDR_003599,legitimate,2020-08-08 11:29:51.497389824
BUYER_04764,BUYER_02770,ADDR_004400,legitimate,1988-03-29 02:36:55.475250240
BUYER_01392,BUYER_04852,ADDR_003528,legitimate,1992-05-24 02:33:27.552176512
BUYER_04101,BUYER_01357,ADDR_002548,legitimate,2018-10-12 02:11:41.529935360
BUYER_04816,BUYER_00726,ADDR_000359,legitimate,1975-11-16 03:06:13.462705984
BUYER_02477,BUYER_01588,ADDR_000901,fraud_linked,2009-09-23 09:18:11.908383744
BUYER_00137,BUYER_04914,ADDR_000993,fraud_linked,2015-05-12 03:31:59.415363072
BUYER_02668,BUYER_04081,ADDR_003582,legitimate,2019-07-27 12:56:11.191482112
