buyer_id,shared_with_buyer_id,shared_device_id,share_type,first_seen_date
BUYER_02147,BUYER_01382,DEV_001298,legitimate,1981-08-30 08:15:34.565538368
BUYER_02349,BUYER_03946,DEV_004755,fraud_linked,2006-06-29 07:05:21.566296320
BUYER_01237,BUYER_00358,DEV_002238,fraud_linked,1987-03-04 20:29:34.171076096
BUYER_02108,BUYER_04143,DEV_001316,legitimate,1974-09-06 06:29:13.159448896
BUYER_04974,BUYER_01414,DEV_004757,fraud_linked,2023-05-29 02:09:07.130487296
BUYER_03682,BUYER_03290,DEV_004203,legitimate,2014-01-05 21:26:38.624560640
BUYER_02952,BUYER_00671,DEV_004588,legitimate,2023-04-25 14:50:30.860296960
BUYER_04284,BUYER_01430,DEV_002209,fraud_linked,1992-06-12 19:31:10.572470656
BUYER_03039,BUYER_01944,DEV_001820,legitimate,2012-05-27 10:08:28.925794816
BUYER_01643,BUYER_00746,DEV_000294,fraud_linked,2006-06-25 22:07:13.682583552
BUYER_03437,BUYER_01340,DEV_001473,legitimate,2004-09-07 11:40:21.863152384
BUYER_01282,BUYER_04562,DEV_000716,legitimate,1972-04-23 03:42:04.214660848
BUYER_02318,BUYER_00454,DEV_000985,legitimate,1974-01-26 01:12:41.324031424
BUYER_03254,BUYER_03028,DEV_001027,fraud_linked,1980-12-24 02:36:44.329929344
BUYER_00576,BUYER_02412,DEV_003872,legitimate,2011-12-29 17:34:18.755301376
BUYER_04777,BUYER_01890,DEV_003163,legitimate,2014-09-19 14:32:15.972724736
BUYER_04674,BUYER_03928,DEV_003561,legitimate,2006-04-06 18:22:50.267652864
BUYER_03395,BUYER_00636,DEV_002706,fraud_linked,1980-10-19 19:39:47.832773632
BUYER_00029,BUYER_01907,DEV_004820,legitimate,2013-07-23 03:38:19.578672384
BUYER_04096,BUYER_04126,DEV_000020,legitimate,1976-05-27 19:12:34.227825152
BUYER_04050,BUYER_01438,DEV_002652,fraud_linked,2020-01-26 14:41:44.312291328
BUYER_02867,BUYER_01949,DEV_003469,fraud_linked,1991-08-01 07:41:03.374958720
BUYER_04292,BUYER_02537,DEV_004033,fraud_linked,2010-09-24 15:52:31.386133248
BUYER_03625,BUYER_03795,DEV_001854,fraud_linked,1979-07-16 13:09:31.755625856
BUYER_00595,BUYER_02568,DEV_002315,legitimate,1987-08-21 23:41:36.037717120
BUYER_04036,BUYER_01648,DEV_004852,legitimate,1997-10-05 23:42:19.666664832
BUYER_00127,BUYER_00321,DEV_000323,legitimate,1997-10-28 05:39:51.841127040
BUYER_01378,BUYER_00490,DEV_001398,fraud_linked,1975-06-30 07:10:51.837844032
BUYER_04899,BUYER_04817,DEV_001977,fraud_linked,2000-09-23 22:07:34.822668544
BUYER_04140,BUYER_01904,DEV_001642,fraud_linked,1974-04-05 05:35:36.070306160
BUYER_02034,BUYER_04514,DEV_000136,legitimate,2021-09-23 14:03:07.613650176
BUYER_04771,BUYER_04965,DEV_004979,legitimate,1993-08-26 03:02:22.716105088
BUYER_03037,BUYER_01443,DEV_004420,legitimate,1994-08-14 22:34:16.164865408
BUYER_00376,BUYER_04684,DEV_000689,legitimate,2002-05-02 19:01:11.500743680
BUYER_03186,BUYER_02539,DEV_004721,legitimate,2013-10-14 00:46:26.824640768
BUYER_02617,BUYER_02153,DEV_001857,legitimate,1973-12-12 03:10:00.577084976
BUYER_04530,BUYER_02223,DEV_000729,legitimate,2009-05-20 00:01:17.383254016
BUYER_00186,BUYER_01977,DEV_004828,legitimate,2020-12-28 21:47:29.379078656
BUYER_02787,BUYER_02914,DEV_004816,fraud_linked,1994-08-17 05:58:08.633383168
BUYER_03968,BUYER_03761,DEV_003068,fraud_linked,1970-10-19 10:12:04.156128320
BUYER_04272,BUYER_00639,DEV_000278,fraud_linked,1983-11-23 15:27:52.203976768
BUYER_01187,BUYER_00343,DEV_002076,fraud_linked,2022-09-13 10:00:59.338410752
BUYER_01621,BUYER_00881,DEV_002919,legitimate,1976-08-28 17:23:18.084005952
BUYER_02529,BUYER_00363,DEV_002724,legitimate,1970-10-26 12:49:16.052054508
BUYER_03295,BUYER_04392,DEV_003572,legitimate,2022-05-30 10:56:32.811530752
BUYER_01524,BUYER_04297,DEV_004269,legitimate,2018-05-03 06:19:11.719470336
BUYER_00433,BUYER_00047,DEV_000683,fraud_linked,1995-10-24 08:15:18.550323328
BUYER_02879,BUYER_00554,DEV_002155,legitimate,1970-05-11 10:13:30.349864248
BUYER_00396,BUYER_01405,DEV_000624,fraud_linked,2002-09-18 06:15:23.926026880
BUYER_04263,BUYER_03011,DEV_000684,fraud_linked,2015-09-30 22:59:47.568415744
BUYER_00148,BUYER_04967,DEV_001611,legitimate,1986-01-22 14:16:39.325851136
BUYER_02443,BUYER_02004,DEV_002280,fraud_linked,1979-09-20 18:14:31.411666304
BUYER_00060,BUYER_04816,DEV_003204,fraud_linked,2020-08-30 22:21:14.361953280
BUYER_04508,BUYER_00664,DEV_001677,fraud_linked,2013-01-06 03:03:08.950791424
BUYER_03197,BUYER_03564,DEV_003299,legitimate,1995-02-14 20:07:36.890704512
BUYER_00902,BUYER_00405,DEV_001015,legitimate,2020-09-07 04:45:36.158783744
BUYER_01492,BUYER_02994,DEV_001179,fraud_linked,2004-01-29 13:23:05.250346624
BUYER_04007,BUYER_04810,DEV_001273,fraud_linked,2022-11-14 14:00:32.686253312
BUYER_02304,BUYER_00530,DEV_002492,legitimate,1975-10-30 05:11:18.070108128
BUYER_01132,BUYER_01766,DEV_003611,fraud_linked,1994-06-21 11:48:03.704711552
BUYER_03814,BUYER_02315,DEV_003748,legitimate,2008-01-20 13:19:34.158012928
BUYER_01167,BUYER_03463,DEV_000309,fraud_linked,1992-11-15 19:51:20.311245824
BUYER_00728,BUYER_02612,DEV_000192,legitimate,1989-08-16 01:16:51.753465600
BUYER_04690,BUYER_02409,DEV_000845,fraud_linked,2008-12-16 17:17:46.658172416
BUYER_01608,BUYER_03689,DEV_004359,legitimate,2003-12-10 02:37:05.678472960
BUYER_02963,BUYER_03109,DEV_004582,fraud_linked,1985-11-11 09:13:32.058000768
BUYER_03210,BUYER_01705,DEV_001539,fraud_linked,1994-11-23 12:03:31.627825024
BUYER_04459,BUYER_03180,DEV_003076,legitimate,2009-08-08 05:42:33.713145856
BUYER_03987,BUYER_03481,DEV_002842,legitimate,2005-02-15 16:41:58.521426944
BUYER_04727,BUYER_04215,DEV_004375,fraud_linked,1995-05-26 21:44:33.472918528
BUYER_03548,BUYER_01525,DEV_000260,fraud_linked,1984-08-07 20:46:39.470836672
BUYER_02931,BUYER_02935,DEV_002397,fraud_linked,1976-06-19 15:52:52.275257984
BUYER_02738,BUYER_01291,DEV_001396,legitimate,2017-01-21 08:14:51.775208704
BUYER_03408,BUYER_02615,DEV_000186,legitimate,2015-12-12 12:36:39.365200640
BUYER_03784,BUYER_03944,DEV_001585,legitimate,2004-05-13 18:48:35.695829248
BUYER_03249,BUYER_04261,DEV_000702,fraud_linked,2002-01-07 08:15:47.934227584
BUYER_00428,BUYER_02486,DEV_002199,legitimate,1977-09-06 21:20:07.783934592
BUYER_01614,BUYER_01975,DEV_001952,legitimate,1995-01-18 05:33:22.040358016
BUYER_01119,BUYER_02369,DEV_000722,fraud_linked,1997-02-15 00:35:02.813315072
BUYER_01902,BUYER_00522,DEV_003588,fraud_linked,1995-11-14 07:43:24.338934912
BUYER_01160,BUYER_00195,DEV_002171,fraud_linked,1983-08-07 23:10:59.722360704
BUYER_01604,BUYER_01910,DEV_001419,fraud_linked,1976-12-25 04:50:33.534200192
BUYER_03018,BUYER_04877,DEV_003071,fraud_linked,2022-02-27 20:46:16.720570112
BUYER_01274,BUYER_00515,DEV_002220,legitimate,2001-03-06 23:14:43.557934336
BUYER_01430,BUYER_00320,DEV_003717,fraud_linked,2018-04-23 22:20:55.724099840
BUYER_02885,BUYER_00584,DEV_001428,fraud_linked,2007-08-25 17:11:54.439056896
BUYER_04856,BUYER_01780,DEV_004874,legitimate,2015-12-12 10:41:41.695018496
BUYER_02720,BUYER_01087,DEV_002723,legitimate,1982-02-20 19:24:49.448742720
BUYER_02003,BUYER_04974,DEV_001210,legitimate,1975-12-27 22:00:05.367681216
BUYER_03834,BUYER_04676,DEV_001968,legitimate,2004-05-25 08:23:11.006087040
BUYER_01008,BUYER_03422,DEV_000360,legitimate,2000-10-14 23:41:14.815325184
BUYER_03742,BUYER_02696,DEV_003913,legitimate,1975-06-15 07:35:59.610930368
BUYER_03863,BUYER_04567,DEV_002222,fraud_linked,2004-04-02 17:10:20.339396224
BUYER_00406,BUYER_01360,DEV_001545,legitimate,1980-03-25 22:54:09.913508352
BUYER_02314,BUYER_01145,DEV_001725,fraud_linked,1976-02-09 12:25:40.144496864
BUYER_01395,BUYER_02123,DEV_000064,fraud_linked,2025-03-04 04:16:49.512595968
BUYER_02756,BUYER_04415,DEV_004258,legitimate,2001-02-22 03:01:29.056597504
BUYER_01706,BUYER_01775,DEV_003117,fraud_linked,1988-07-03 10:08:06.042026496
BUYER_02709,BUYER_01862,DEV_004265,fraud_linked,1975-07-17 19:27:38.941784512
BUYER_00237,BUYER_02977,DEV_000978,fraud_linked,2021-05-04 10:11:16.778128384
BUYER_02792,BUYER_01610,DEV_003537,fraud_linked,2022-10-14 17:41:51.801225728
BUYER_01050,BUYER_02978,DEV_004594,fraud_linked,1984-06-06 15:44:46.600778304
BUYER_02250,BUYER_01468,DEV_001917,fraud_linked,1994-05-24 02:17:03.971959424
BUYER_03953,BUYER_00624,DEV_000705,fraud_linked,2006-03-03 13:35:45.369264896
BUYER_03127,BUYER_00540,DEV_001632,legitimate,1976-04-10 15:31:49.098571456
BUYER_00403,BUYER_04110,DEV_000338,fraud_linked,2000-02-04 20:12:55.732080512
BUYER_03501,BUYER_03411,DEV_001047,fraud_linked,1982-04-15 17:32:04.137133760
BUYER_00878,BUYER_04457,DEV_004524,fraud_linked,1982-08-29 01:33:38.805045120
BUYER_01987,BUYER_04067,DEV_003543,fraud_linked,2003-10-17 12:21:42.537245952
BUYER_00732,BUYER_00337,DEV_001431,legitimate,1987-05-27 23:15:23.632278912
BUYER_01946,BUYER_04857,DEV_002530,legitimate,2000-11-04 12:28:12.132336256
BUYER_02014,BUYER_00730,DEV_003048,legitimate,1984-09-24 01:45:01.339622592
BUYER_00306,BUYER_02234,DEV_002499,legitimate,1997-05-04 01:52:49.388375424
BUYER_04070,BUYER_02990,DEV_002799,fraud_linked,2022-03-17 07:07:29.671415808
BUYER_01687,BUYER_03902,DEV_002079,fraud_linked,1997-03-04 13:43:37.481091584
BUYER_02625,BUYER_04027,DEV_001483,legitimate,1998-02-07 06:00:46.800751872
BUYER_03776,BUYER_04323,DEV_002228,fraud_linked,1997-08-17 09:20:09.370972032
BUYER_04575,BUYER_02835,DEV_004312,fraud_linked,2017-12-22 04:49:03.173935872
BUYER_04202,BUYER_01131,DEV_004173,legitimate,2008-03-12 02:21:25.923652864
BUYER_04921,BUYER_02410,DEV_004845,legitimate,1971-10-08 23:40:52.039773032
BUYER_02418,BUYER_01945,DEV_001349,fraud_linked,1976-08-27 12:19:45.473678176
BUYER_03086,BUYER_01248,DEV_003901,fraud_linked,2002-05-21 03:00:07.906522496
BUYER_04449,BUYER_02406,DEV_000720,legitimate,2012-07-31 20:36:52.228296704
BUYER_00130,BUYER_04037,DEV_000881,fraud_linked,1976-08-08 03:26:44.033827136
BUYER_03084,BUYER_02430,DEV_004263,legitimate,1998-03-08 14:45:41.813678720
BUYER_03824,BUYER_04040,DEV_003802,fraud_linked,2005-12-31 06:15:34.196614528
BUYER_00466,BUYER_03311,DEV_001215,legitimate,1992-06-23 19:46:30.859909760
BUYER_03358,BUYER_02438,DEV_001619,legitimate,2008-11-07 13:19:25.629881856
BUYER_00692,BUYER_00339,DEV_001609,legitimate,1989-03-23 00:46:29.263796992
BUYER_03933,BUYER_03679,DEV_003540,fraud_linked,2004-11-28 05:57:56.232485632
BUYER_04841,BUYER_02075,DEV_003238,legitimate,2012-11-21 20:40:54.658188800
BUYER_00835,BUYER_03027,DEV_004864,fraud_linked,2023-07-12 05:18:58.100318720
BUYER_04817,BUYER_03571,DEV_002738,fraud_linked,2005-10-18 15:22:20.575226752
BUYER_01711,BUYER_04682,DEV_001134,fraud_linked,1989-09-22 01:14:58.814258816
BUYER_02179,BUYER_00824,DEV_001034,fraud_linked,2010-05-28 04:42:20.861646080
BUYER_04252,BUYER_01047,DEV_000019,fraud_linked,2015-01-23 00:15:41.937936896
BUYER_04454,BUYER_02735,DEV_004967,legitimate,1993-04-02 10:28:31.918088704
BUYER_02646,BUYER_01262,DEV_003077,legitimate,1990-05-04 14:03:17.767556224
BUYER_02372,BUYER_02746,DEV_002769,fraud_linked,1978-08-02 15:11:13.749691360
BUYER_04112,BUYER_04345,DEV_003324,fraud_linked,2007-12-04 03:37:17.585839104
BUYER_03854,BUYER_00674,DEV_003161,fraud_linked,1994-12-11 04:11:24.947956992
BUYER_04864,BUYER_02257,DEV_003843,legitimate,1977-06-29 02:15:29.841799232
BUYER_04171,BUYER_02179,DEV_002998,legitimate,2001-06-19 10:38:59.978278272
BUYER_00298,BUYER_04528,DEV_000246,fraud_linked,2025-06-07 04:42:03.818664960
BUYER_03687,BUYER_00972,DEV_000270,fraud_linked,1972-12-05 02:58:01.541979616
BUYER_02884,BUYER_03346,DEV_000657,legitimate,1998-11-23 18:28:53.657382400
BUYER_04280,BUYER_01258,DEV_003276,legitimate,2022-05-29 17:59:06.333727232
BUYER_01324,BUYER_01006,DEV_000520,fraud_linked,2023-09-17 20:43:22.943726848
BUYER_04685,BUYER_03914,DEV_004487,legitimate,1989-03-04 16:40:13.599741184
BUYER_01489,BUYER_03773,DEV_003106,fraud_linked,1979-08-28 18:11:43.000597248
BUYER_04943,BUYER_03877,DEV_001154,fraud_linked,1993-08-04 22:17:50.321566336
BUYER_01265,BUYER_00984,DEV_000325,legitimate,1987-11-16 15:22:15.394354048
BUYER_04947,BUYER_01689,DEV_003415,legitimate,1997-01-19 19:15:31.941728768
BUYER_03595,BUYER_00444,DEV_002454,fraud_linked,2003-05-25 09:41:09.586540800
BUYER_01793,BUYER_00523,DEV_000023,legitimate,2013-01-12 12:28:08.580622336
BUYER_00457,BUYER_01550,DEV_002401,legitimate,2005-07-13 20:01:44.090068224
BUYER_03427,BUYER_02143,DEV_000548,fraud_linked,2019-12-17 09:12:49.897787904
BUYER_03955,BUYER_03975,DEV_000679,fraud_linked,2011-03-19 21:00:10.075271424
BUYER_04541,BUYER_03460,DEV_000570,legitimate,1999-01-26 14:42:45.732114688
BUYER_01611,BUYER_04390,DEV_000075,fraud_linked,1976-09-24 00:34:01.212544800
BUYER_04915,BUYER_04550,DEV_001906,legitimate,2015-01-08 03:47:11.884658688
BUYER_00137,BUYER_01877,DEV_003511,legitimate,2010-01-03 15:05:42.789132544
BUYER_00360,BUYER_03396,DEV_002519,legitimate,1988-11-11 04:46:28.739290880
BUYER_02297,BUYER_03119,DEV_002719,fraud_linked,1983-01-12 19:52:08.460278016
BUYER_03296,BUYER_01427,DEV_004287,fraud_linked,2006-11-14 16:27:25.921713408
BUYER_01046,BUYER_01270,DEV_000468,fraud_linked,1974-10-08 03:18:07.248379968
BUYER_03490,BUYER_04212,DEV_000791,fraud_linked,2014-02-04 23:46:42.731745024
BUYER_00202,BUYER_03209,DEV_003468,legitimate,1982-10-01 05:17:11.583119936
BUYER_02520,BUYER_02856,DEV_000034,legitimate,2003-04-04 15:37:33.551870208
BUYER_02006,BUYER_04002,DEV_002973,legitimate,1987-01-14 19:11:27.515405376
BUYER_00069,BUYER_00776,DEV_001882,fraud_linked,1996-10-02 14:47:48.263260032
BUYER_00792,BUYER_00377,DEV_004446,fraud_linked,2014-11-05 08:20:09.990386688
BUYER_04658,BUYER_04038,DEV_004387,fraud_linked,1986-02-11 00:26:35.593422080
BUYER_02249,BUYER_02548,DEV_003063,legitimate,1971-11-28 13:19:07.246638232
BUYER_03881,BUYER_03040,DEV_001129,fraud_linked,1974-05-21 18:28:44.018959216
BUYER_01350,BUYER_04238,DEV_000685,fraud_linked,1974-03-23 00:17:31.397655328
BUYER_03225,BUYER_02363,DEV_004370,fraud_linked,1995-09-26 08:45:21.147910912
BUYER_01629,BUYER_03229,DEV_004369,legitimate,1974-09-18 21:29:34.406294784
BUYER_01448,BUYER_02449,DEV_003451,legitimate,1993-02-21 04:17:34.027256704
BUYER_04745,BUYER_00600,DEV_004364,fraud_linked,2009-02-04 09:13:03.380535296
BUYER_03144,BUYER_02518,DEV_002186,legitimate,2019-04-12 09:21:45.297643776
BUYER_03162,BUYER_03224,DEV_000271,fraud_linked,1982-06-11 18:05:14.339079872
BUYER_02571,BUYER_03204,DEV_004225,legitimate,2019-02-05 23:52:57.902860288
BUYER_03447,BUYER_03665,DEV_002626,fraud_linked,2024-10-09 04:46:44.435608576
BUYER_01967,BUYER_04863,DEV_002042,legitimate,2005-01-22 05:34:24.442460288
BUYER_02050,BUYER_00492,DEV_001555,fraud_linked,2011-04-19 17:30:19.006014464
BUYER_02921,BUYER_01875,DEV_001758,legitimate,1997-01-29 03:09:27.532023424
BUYER_04663,BUYER_04101,DEV_001859,fraud_linked,1974-03-30 14:25:19.114684032
BUYER_00656,BUYER_04151,DEV_000111,legitimate,2023-10-04 11:34:24.670548480
BUYER_01417,BUYER_04331,DEV_000796,fraud_linked,2022-12-08 15:43:32.661604864
BUYER_00165,BUYER_01461,DEV_001243,legitimate,1988-02-11 09:40:06.572906304
BUYER_03401,BUYER_00950,DEV_001415,legitimate,1981-01-02 16:42:04.093179776
BUYER_00536,BUYER_03969,DEV_000349,legitimate,1973-09-20 07:31:52.047641120
BUYER_04092,BUYER_04049,DEV_002689,legitimate,1997-11-27 01:55:08.059046016
BUYER_01198,BUYER_03875,DEV_001808,fraud_linked,2021-10-15 19:59:29.498095104
BUYER_01071,BUYER_01638,DEV_002745,legitimate,1972-05-06 19:50:04.437444000
BUYER_02094,BUYER_02313,DEV_001165,fraud_linked,2004-04-07 21:47:34.613822208
BUYER_00888,BUYER_00136,DEV_001881,fraud_linked,2016-10-19 02:18:24.664923904
BUYER_00553,BUYER_02300,DEV_002636,fraud_linked,1991-04-19 14:39:26.108878720
BUYER_03894,BUYER_00987,DEV_004484,legitimate,2004-04-16 16:32:50.829740160
BUYER_01631,BUYER_04541,DEV_004914,legitimate,1994-11-19 15:43:07.069979136
BUYER_04327,BUYER_01355,DEV_003985,legitimate,1973-09-18 15:34:26.693297712
BUYER_00413,BUYER_04896,DEV_001914,legitimate,1998-04-11 20:47:46.545663104
BUYER_00495,BUYER_02283,DEV_002523,fraud_linked,1975-01-15 02:12:27.455442368
BUYER_02673,BUYER_03139,DEV_002591,legitimate,2008-05-17 01:40:48.277727232
BUYER_04619,BUYER_00691,DEV_000808,legitimate,1987-05-28 12:19:29.776976192
BUYER_00005,BUYER_00038,DEV_002934,fraud_linked,2014-12-13 14:08:58.953744384
BUYER_03461,BUYER_01823,DEV_000955,legitimate,2002-11-24 01:33:37.147805824
BUYER_03436,BUYER_02836,DEV_001504,legitimate,2022-05-13 12:13:21.347589120
BUYER_04653,BUYER_00077,DEV_004168,fraud_linked,2011-04-30 09:27:29.114278144
BUYER_03793,BUYER_03397,DEV_003031,legitimate,2010-08-10 01:05:44.347772160
BUYER_00908,BUYER_00792,DEV_003444,fraud_linked,1987-02-05 09:56:21.243627520
BUYER_04273,BUYER_04226,DEV_004815,legitimate,1994-10-11 22:04:57.264514816
BUYER_03610,BUYER_03987,DEV_003022,fraud_linked,2011-10-07 07:21:42.625178880
BUYER_02464,BUYER_03514,DEV_000680,fraud_linked,2010-06-12 21:40:46.303067648
BUYER_04824,BUYER_00641,DEV_004121,legitimate,2008-10-13 16:35:08.446754816
BUYER_02177,BUYER_01629,DEV_002303,fraud_linked,1970-07-02 16:45:43.184482782
BUYER_02243,BUYER_01544,DEV_000779,legitimate,1971-01-10 06:03:14.114992576
BUYER_02704,BUYER_03159,DEV_002832,fraud_linked,1973-10-30 21:12:59.534430960
BUYER_01210,BUYER_01746,DEV_001232,fraud_linked,1971-10-28 18:18:10.040867064
BUYER_04924,BUYER_04506,DEV_003726,legitimate,2013-04-16 17:17:26.544738560
BUYER_01695,BUYER_00717,DEV_001477,fraud_linked,2000-08-25 20:34:07.114213888
BUYER_03545,BUYER_01624,DEV_004477,legitimate,1998-04-20 17:29:34.725227648
BUYER_02425,BUYER_02767,DEV_004028,fraud_linked,1974-11-05 09:57:30.296402368
BUYER_04130,BUYER_01526,DEV_001315,fraud_linked,2013-05-22 22:39:57.051834112
BUYER_04983,BUYER_02533,DEV_001628,legitimate,1975-04-02 11:27:51.024704640
BUYER_02777,BUYER_04121,DEV_002698,fraud_linked,1982-06-19 12:55:13.378038912
BUYER_02912,BUYER_02245,DEV_002690,fraud_linked,2015-11-13 20:08:01.489111552
BUYER_03455,BUYER_02346,DEV_001467,fraud_linked,2008-10-19 13:08:14.101958144
BUYER_04579,BUYER_01632,DEV_001960,fraud_linked,1975-03-28 16:31:42.844136576
BUYER_02984,BUYER_01458,DEV_000417,legitimate,1974-03-11 03:40:48.770362432
BUYER_04528,BUYER_02900,DEV_004056,fraud_linked,1992-10-18 03:02:23.203937408
BUYER_03161,BUYER_04984,DEV_004172,fraud_linked,2003-10-24 05:58:19.676808320
BUYER_03155,BUYER_00575,DEV_003327,fraud_linked,1983-11-11 04:06:48.041103808
BUYER_03483,BUYER_00075,DEV_000713,fraud_linked,2002-10-17 00:53:45.704218368
BUYER_02255,BUYER_04498,DEV_004886,legitimate,1990-02-28 18:51:55.056600576
BUYER_03787,BUYER_02244,DEV_000890,legitimate,2002-12-26 15:44:12.958258432
BUYER_02824,BUYER_03268,DEV_001850,fraud_linked,2010-08-23 10:37:16.176270080
BUYER_03062,BUYER_03297,DEV_003616,legitimate,2017-03-23 08:41:51.634895104
BUYER_03839,BUYER_03066,DEV_000366,fraud_linked,1981-01-04 23:18:34.995622848
BUYER_02793,BUYER_02998,DEV_000821,legitimate,1974-10-26 12:47:05.610095552
BUYER_01014,BUYER_00779,DEV_004810,fraud_linked,1976-09-05 00:31:03.291464800
BUYER_00683,BUYER_00726,DEV_000299,fraud_linked,1979-04-23 11:07:33.820305024
BUYER_02960,BUYER_00975,DEV_000568,legitimate,1988-03-14 16:09:52.002789760
BUYER_04283,BUYER_00500,DEV_004959,fraud_linked,1971-08-29 11:03:38.716844512
BUYER_02914,BUYER_01254,DEV_000382,legitimate,2016-08-18 07:47:54.503467264
BUYER_04457,BUYER_01406,DEV_003958,legitimate,2017-07-21 19:02:47.848997888
BUYER_03943,BUYER_02960,DEV_004675,legitimate,2009-12-13 23:51:51.384825088
BUYER_03530,BUYER_02651,DEV_004272,legitimate,1989-12-31 06:28:58.906074880
BUYER_00068,BUYER_02939,DEV_003258,legitimate,2009-08-05 02:20:10.877826048
BUYER_02940,BUYER_04776,DEV_000513,legitimate,2002-03-15 02:26:57.154811008
BUYER_04573,BUYER_00646,DEV_004150,legitimate,2007-02-09 20:06:21.502025472
BUYER_04321,BUYER_03979,DEV_002801,legitimate,1974-12-22 02:17:46.370164512
BUYER_03790,BUYER_01677,DEV_000101,legitimate,2018-12-28 03:20:30.653131776
BUYER_02069,BUYER_04474,DEV_004397,fraud_linked,1989-07-24 20:31:52.567250688
BUYER_00155,BUYER_04114,DEV_001673,legitimate,1985-02-12 05:10:22.917853568
BUYER_03929,BUYER_04013,DEV_003722,legitimate,1991-12-02 18:10:05.532232576
BUYER_00826,BUYER_03589,DEV_000965,legitimate,1983-11-22 06:06:36.684270272
BUYER_02567,BUYER_03648,DEV_004708,legitimate,2025-09-02 20:44:05.754253056
BUYER_03573,BUYER_04012,DEV_004301,legitimate,2006-03-17 05:45:13.931152640
BUYER_04118,BUYER_01481,DEV_002937,legitimate,2020-03-15 09:56:49.009727744
BUYER_01353,BUYER_03662,DEV_001962,fraud_linked,2023-04-05 08:09:08.949255168
BUYER_03417,BUYER_04966,DEV_003290,fraud_linked,2002-07-28 15:34:07.291487360
BUYER_00979,BUYER_03095,DEV_004181,fraud_linked,2014-11-03 01:03:01.756727808
BUYER_04158,BUYER_03270,DEV_004616,fraud_linked,2020-09-12 19:39:13.153680640
BUYER_03669,BUYER_01637,DEV_003103,legitimate,1978-06-13 11:25:08.390227840
BUYER_00805,BUYER_01982,DEV_003386,legitimate,1985-02-10 22:41:36.256964864
BUYER_02622,BUYER_00736,DEV_001507,legitimate,1992-07-10 10:07:58.442350592
BUYER_04242,BUYER_03810,DEV_004837,fraud_linked,2004-11-24 15:14:41.629201024
BUYER_01289,BUYER_01369,DEV_003125,fraud_linked,2013-01-13 16:53:50.921218560
BUYER_01365,BUYER_04295,DEV_001806,legitimate,1989-05-10 16:36:29.464104576
BUYER_03829,BUYER_03169,DEV_000200,fraud_linked,2017-03-13 17:07:26.201868800
BUYER_02183,BUYER_01418,DEV_004422,fraud_linked,2006-08-30 15:07:55.763880960
BUYER_03505,BUYER_00669,DEV_002152,fraud_linked,1990-11-13 17:56:46.526276992
BUYER_03736,BUYER_04643,DEV_001663,fraud_linked,2008-02-20 03:54:10.513800704
BUYER_01847,BUYER_02868,DEV_004043,legitimate,2017-09-20 15:53:58.719383552
BUYER_04214,BUYER_03898,DEV_004910,legitimate,1988-11-06 17:48:29.077506432
BUYER_03795,BUYER_03215,DEV_000445,legitimate,1991-09-15 09:23:45.581145344
BUYER_02873,BUYER_01681,DEV_004792,legitimate,2008-10-04 07:26:19.491840256
BUYER_00008,BUYER_01932,DEV_000777,fraud_linked,1994-02-06 17:59:44.567325696
BUYER_01930,BUYER_02681,DEV_001578,fraud_linked,1979-12-30 15:22:05.417750848
BUYER_03485,BUYER_01558,DEV_001434,legitimate,2017-11-03 04:35:49.008819200
BUYER_03356,BUYER_01761,DEV_000866,legitimate,1981-05-01 08:18:17.332744512
BUYER_03717,BUYER_01745,DEV_001494,fraud_linked,1983-11-02 20:20:48.945481728
BUYER_03406,BUYER_03824,DEV_003206,fraud_linked,2018-08-09 03:09:11.943667968
BUYER_00003,BUYER_03783,DEV_002978,fraud_linked,2005-12-20 04:17:32.229162496
BUYER_02337,BUYER_04617,DEV_002619,legitimate,1994-03-15 05:53:49.473285248
BUYER_03803,BUYER_01591,DEV_004489,legitimate,1991-06-01 17:11:40.730112384
BUYER_01205,BUYER_00379,DEV_000290,legitimate,1980-04-22 04:14:26.318128832
BUYER_02336,BUYER_02218,DEV_002548,legitimate,1973-11-08 23:50:51.199796160
BUYER_00075,BUYER_04941,DEV_000697,legitimate,2020-12-06 06:01:17.305322240
BUYER_01594,BUYER_04645,DEV_000577,legitimate,1972-07-23 09:28:44.783562736
BUYER_02222,BUYER_04066,DEV_004015,legitimate,1973-07-04 14:52:24.865374240
BUYER_03078,BUYER_01324,DEV_000825,fraud_linked,2012-02-17 18:05:26.352492800
BUYER_02394,BUYER_04317,DEV_001524,legitimate,2020-01-20 21:49:13.067642368
BUYER_00504,BUYER_00672,DEV_002829,fraud_linked,2009-10-04 16:10:46.444198656
BUYER_03153,BUYER_01833,DEV_000141,legitimate,1983-08-07 12:38:50.576482688
BUYER_02227,BUYER_01073,DEV_003301,fraud_linked,1985-03-13 10:55:25.974676672
BUYER_00818,BUYER_03588,DEV_004808,legitimate,2023-11-02 20:24:01.997920768
BUYER_02608,BUYER_00536,DEV_001580,fraud_linked,2009-03-21 20:11:32.430640640
BUYER_03499,BUYER_04746,DEV_001976,legitimate,2016-05-13 14:27:42.695879424
BUYER_01773,BUYER_03117,DEV_004088,legitimate,1995-01-10 20:54:22.694567296
BUYER_03287,BUYER_04942,DEV_002024,fraud_linked,2013-06-30 18:45:43.468455680
BUYER_03884,BUYER_03503,DEV_001521,legitimate,2024-12-03 02:35:50.586946816
BUYER_02716,BUYER_03852,DEV_000625,fraud_linked,1990-01-05 03:26:16.934050944
BUYER_03317,BUYER_03663,DEV_001023,fraud_linked,1987-12-27 10:14:37.902173248
BUYER_01874,BUYER_03147,DEV_002635,legitimate,1972-06-16 22:48:06.762910672
BUYER_01683,BUYER_01777,DEV_001981,legitimate,2011-04-15 15:00:02.541246720
BUYER_00394,BUYER_01690,DEV_001238,fraud_linked,1983-07-09 17:17:58.835652928
BUYER_00028,BUYER_01592,DEV_004612,fraud_linked,1984-04-05 10:46:04.754491776
BUYER_02221,BUYER_03579,DEV_001264,legitimate,2005-05-30 22:22:28.794772608
BUYER_02036,BUYER_04650,DEV_004016,fraud_linked,2011-05-22 14:18:51.320607488
BUYER_00269,BUYER_02671,DEV_000096,fraud_linked,1992-11-07 04:36:37.747406080
BUYER_03377,BUYER_00678,DEV_004077,fraud_linked,2022-11-23 20:14:44.342019328
BUYER_00118,BUYER_04472,DEV_000146,fraud_linked,1979-02-07 14:42:38.125858464
BUYER_00616,BUYER_01214,DEV_002749,legitimate,1999-07-23 11:38:32.988494336
BUYER_04320,BUYER_04042,DEV_004149,legitimate,2004-08-04 01:22:40.499892608
BUYER_02535,BUYER_01739,DEV_002864,fraud_linked,2004-08-05 02:41:46.802710784
BUYER_04001,BUYER_04574,DEV_003376,fraud_linked,2006-10-20 14:02:49.053564672
BUYER_00681,BUYER_04435,DEV_003196,legitimate,2005-07-08 07:02:25.050181120
BUYER_02910,BUYER_00705,DEV_002782,fraud_linked,2014-05-06 22:12:42.777843968
BUYER_00156,BUYER_00790,DEV_003891,legitimate,2015-08-07 04:58:07.094974208
BUYER_01303,BUYER_03206,DEV_000578,legitimate,2024-09-26 06:17:35.781227520
BUYER_04235,BUYER_00310,DEV_001133,legitimate,2022-08-16 21:08:47.039391744
BUYER_04294,BUYER_02691,DEV_001392,legitimate,1999-02-21 20:27:10.209458944
BUYER_02347,BUYER_00992,DEV_001606,legitimate,2009-07-19 17:27:38.886099456
BUYER_02707,BUYER_03890,DEV_000065,legitimate,1992-07-27 01:56:57.253859456
BUYER_02813,BUYER_02571,DEV_002432,fraud_linked,2006-06-15 19:24:12.611215744
BUYER_00357,BUYER_04986,DEV_004208,fraud_linked,1970-06-22 06:21:21.314901556
BUYER_03734,BUYER_02182,DEV_002575,legitimate,1990-08-15 06:10:34.528162048
BUYER_04949,BUYER_02446,DEV_001535,legitimate,2021-03-20 17:03:39.269335296
BUYER_03044,BUYER_01081,DEV_002005,fraud_linked,2007-10-26 11:32:22.606643712
BUYER_00293,BUYER_04099,DEV_002172,legitimate,1971-01-09 12:01:40.533338136
BUYER_01641,BUYER_04787,DEV_003907,fraud_linked,1999-04-19 05:21:31.486995456
BUYER_04285,BUYER_04141,DEV_003319,legitimate,1990-07-11 09:09:12.680464384
BUYER_02675,BUYER_03995,DEV_004505,fraud_linked,2015-04-20 19:01:44.836173568
BUYER_04028,BUYER_00547,DEV_004829,legitimate,1976-06-24 19:38:15.653392160
BUYER_01542,BUYER_03183,DEV_000762,fraud_linked,2003-11-06 22:50:25.863290240
BUYER_04522,BUYER_02710,DEV_002337,fraud_linked,2009-11-21 19:12:57.297289216
BUYER_01443,BUYER_04019,DEV_000911,fraud_linked,2003-05-15 02:26:45.126742912
BUYER_01522,BUYER_01317,DEV_001814,fraud_linked,1985-05-29 16:49:11.708692928
BUYER_04986,BUYER_01958,DEV_004980,fraud_linked,2014-06-06 07:19:07.034196224
BUYER_04100,BUYER_04276,DEV_001225,fraud_linked,2014-06-14 14:15:13.493948160
BUYER_03985,BUYER_04686,DEV_003721,legitimate,1990-04-01 03:37:59.378538880
BUYER_00825,BUYER_03366,DEV_001519,fraud_linked,1984-12-22 00:35:17.187210304
BUYER_03025,BUYER_02798,DEV_004249,legitimate,2007-03-13 12:22:27.887071488
BUYER_00425,BUYER_01831,DEV_000615,legitimate,1990-08-19 18:30:03.080031616
BUYER_00661,BUYER_02252,DEV_000516,legitimate,1989-05-17 16:08:12.840475520
BUYER_02758,BUYER_00821,DEV_002107,fraud_linked,1995-04-06 11:34:04.922049408
BUYER_03373,BUYER_04997,DEV_000740,legitimate,1995-09-07 08:51:05.217604864
BUYER_02288,BUYER_02567,DEV_004435,fraud_linked,2016-06-19 17:54:25.678883840
BUYER_01345,BUYER_02383,DEV_002478,fraud_linked,2023-05-11 23:01:45.605436160
BUYER_02668,BUYER_03991,DEV_002911,fraud_linked,2009-12-20 07:21:10.446002176
BUYER_02809,BUYER_01083,DEV_000649,legitimate,1974-12-29 04:31:11.458832384
BUYER_00310,BUYER_03048,DEV_002726,fraud_linked,1988-12-14 05:23:06.416900736
BUYER_00176,BUYER_02697,DEV_002135,fraud_linked,1980-08-30 12:10:34.899285888
BUYER_02982,BUYER_02500,DEV_000878,fraud_linked,2007-02-28 13:41:30.175680768
BUYER_02415,BUYER_03771,DEV_003789,fraud_linked,2003-07-08 23:25:46.335557376
BUYER_03195,BUYER_01984,DEV_004293,legitimate,2025-01-06 11:48:40.536473856
BUYER_03816,BUYER_01916,DEV_001295,legitimate,1995-02-06 23:21:33.717151616
BUYER_00589,BUYER_02600,DEV_001099,fraud_linked,1975-12-16 03:16:05.529055680
BUYER_02925,BUYER_03365,DEV_003278,legitimate,2003-07-14 03:08:12.391662336
BUYER_04710,BUYER_00923,DEV_002587,fraud_linked,1990-08-01 23:26:51.417580928
BUYER_01458,BUYER_03226,DEV_004453,fraud_linked,1980-01-06 02:21:40.743169600
BUYER_00072,BUYER_01116,DEV_003680,legitimate,1990-10-23 16:30:21.156290816
BUYER_03725,BUYER_01969,DEV_003915,fraud_linked,1983-05-19 23:50:42.869648640
BUYER_02151,BUYER_02336,DEV_003503,legitimate,1981-02-01 20:51:28.524545536
BUYER_00177,BUYER_03804,DEV_003716,fraud_linked,1997-02-10 10:32:30.075172736
BUYER_03650,BUYER_00156,DEV_003004,legitimate,2015-05-16 00:06:06.372637184
BUYER_02729,BUYER_01851,DEV_004510,fraud_linked,2019-08-08 19:54:18.849258496
BUYER_02650,BUYER_02723,DEV_000666,legitimate,1984-08-14 08:28:34.887511488
BUYER_04065,BUYER_03531,DEV_000571,fraud_linked,1995-02-21 12:49:11.836769408
BUYER_01569,BUYER_01880,DEV_003795,legitimate,2017-03-17 20:26:13.601080064
BUYER_04485,BUYER_02067,DEV_002803,fraud_linked,2025-05-13 15:34:33.410004736
BUYER_02906,BUYER_02748,DEV_003441,fraud_linked,2017-08-08 17:06:35.943080960
BUYER_04769,BUYER_02001,DEV_001466,fraud_linked,1997-09-10 20:18:24.520727552
BUYER_02556,BUYER_01252,DEV_004144,fraud_linked,2018-09-25 12:33:54.696972544
BUYER_02642,BUYER_03444,DEV_002180,legitimate,2009-08-02 14:18:25.826436608
BUYER_00493,BUYER_04155,DEV_003805,fraud_linked,1976-05-28 19:16:24.395430560
BUYER_02751,BUYER_01378,DEV_004127,legitimate,1974-10-06 09:07:26.322802080
BUYER_00535,BUYER_04016,DEV_004998,fraud_linked,2022-06-07 17:02:35.658707200
BUYER_03275,BUYER_03924,DEV_004863,legitimate,2021-10-09 03:48:14.342917632
BUYER_04667,BUYER_00808,DEV_000894,fraud_linked,1995-09-13 00:07:01.488317184
BUYER_01197,BUYER_01722,DEV_002889,legitimate,2007-01-30 04:04:42.979185152
BUYER_03628,BUYER_02366,DEV_004313,legitimate,1987-02-08 23:55:02.749171712
BUYER_02672,BUYER_02135,DEV_000826,legitimate,2009-04-17 19:15:36.165399808
BUYER_04495,BUYER_02444,DEV_002570,fraud_linked,1995-01-07 01:34:22.909587712
BUYER_00988,BUYER_03414,DEV_001279,legitimate,1989-07-20 19:41:55.283403520
BUYER_01896,BUYER_01778,DEV_002328,fraud_linked,1994-09-14 23:49:13.370267008
BUYER_00341,BUYER_02324,DEV_002846,fraud_linked,1995-07-17 10:18:29.722063232
BUYER_01574,BUYER_00757,DEV_003268,fraud_linked,2022-10-18 10:05:16.842040832
BUYER_03893,BUYER_04072,DEV_004940,legitimate,2019-07-25 20:21:44.924968448
BUYER_04721,BUYER_03584,DEV_001633,fraud_linked,1980-12-07 05:14:35.464606592
BUYER_04295,BUYER_03155,DEV_001864,legitimate,1985-08-20 01:44:09.552995008
BUYER_02889,BUYER_01050,DEV_004975,fraud_linked,1986-10-21 07:03:07.216973632
BUYER_04896,BUYER_03601,DEV_003703,legitimate,1970-09-14 20:23:16.382578752
BUYER_01370,BUYER_01571,DEV_000352,legitimate,1999-09-24 10:28:17.520903680
BUYER_00816,BUYER_03362,DEV_002423,legitimate,1997-01-22 01:06:47.830264960
BUYER_04950,BUYER_04915,DEV_003120,legitimate,1977-01-10 09:26:56.768895808
BUYER_03337,BUYER_02307,DEV_002257,fraud_linked,2025-06-14 12:37:15.946003968
