seller_id,seller_persona,signup_date,address_id,category_focus,trust_score_current,total_listings,total_orders_received,account_status
SELLER_00000,disposable,2025-09-06,ADDR_000449,Sports,70.0,27,0,active
SELLER_00001,disposable,2025-05-07,ADDR_001615,Home & Kitchen,70.0,40,0,active
SELLER_00002,established,2025-03-22,ADDR_001653,Home & Kitchen,70.0,15,0,active
SELLER_00003,established,2025-01-12,ADDR_000540,Furniture,70.0,27,0,active
SELLER_00004,established,2025-02-14,ADDR_001205,Toys,70.0,8,0,active
SELLER_00005,established,2025-01-14,ADDR_004746,Toys,70.0,6,0,active
SELLER_00006,established,2025-01-01,ADDR_002216,Toys,70.0,22,0,active
SELLER_00007,disposable,2025-06-02,ADDR_003752,Home & Kitchen,70.0,36,0,active
SELLER_00008,established,2025-01-08,ADDR_002761,Sports,70.0,17,0,active
SELLER_00009,established,2025-04-08,ADDR_000158,Furniture,70.0,83,0,active
SELLER_00010,established,2025-01-12,ADDR_002813,Fashion,70.0,25,0,active
SELLER_00011,established,2025-04-25,ADDR_001455,Furniture,70.0,20,0,active
SELLER_00012,established,2025-02-03,ADDR_002986,Home & Kitchen,70.0,47,0,active
SELLER_00013,established,2025-01-08,ADDR_000652,Home & Kitchen,70.0,36,0,active
SELLER_00014,established,2025-01-23,ADDR_004073,Electronics,70.0,13,0,active
SELLER_00015,established,2025-01-06,ADDR_002842,Books,70.0,12,0,active
SELLER_00016,established,2025-03-28,ADDR_003184,Beauty,70.0,372,0,active
SELLER_00017,established,2025-01-03,ADDR_002571,Sports,70.0,73,0,active
SELLER_00018,takeover,2025-04-05,ADDR_002787,Toys,70.0,23,0,active
SELLER_00019,established,2025-01-01,ADDR_002174,Books,70.0,54,0,active
SELLER_00020,established,2025-01-14,ADDR_000458,Furniture,70.0,37,0,active
SELLER_00021,established,2025-01-04,ADDR_001214,Toys,70.0,131,0,active
SELLER_00022,takeover,2025-03-02,ADDR_003494,Fashion,70.0,36,0,active
SELLER_00023,disposable,2025-07-28,ADDR_004316,Grocery,70.0,40,0,active
SELLER_00024,established,2025-04-18,ADDR_001531,Electronics,70.0,141,0,active
SELLER_00025,established,2025-01-20,ADDR_004894,Automotive,70.0,10,0,active
SELLER_00026,established,2025-01-01,ADDR_002769,Home & Kitchen,70.0,84,0,active
SELLER_00027,established,2025-03-15,ADDR_002416,Grocery,70.0,9,0,active
SELLER_00028,established,2025-02-14,ADDR_001944,Fashion,70.0,73,0,active
SELLER_00029,established,2025-03-27,ADDR_003145,Sports,70.0,7,0,active
SELLER_00030,established,2025-01-26,ADDR_000582,Books,70.0,23,0,active
SELLER_00031,established,2025-03-11,ADDR_001132,Books,70.0,27,0,active
SELLER_00032,takeover,2025-01-05,ADDR_000555,Electronics,70.0,39,0,active
SELLER_00033,established,2025-04-30,ADDR_001527,Electronics,70.0,33,0,active
SELLER_00034,established,2025-01-06,ADDR_000936,Furniture,70.0,23,0,active
SELLER_00035,established,2025-03-27,ADDR_004131,Toys,70.0,6,0,active
SELLER_00036,established,2025-01-08,ADDR_004424,Automotive,70.0,101,0,active
SELLER_00037,established,2025-03-19,ADDR_004592,Electronics,70.0,24,0,active
SELLER_00038,established,2025-04-02,ADDR_004499,Sports,70.0,33,0,active
SELLER_00039,established,2025-04-05,ADDR_004136,Toys,70.0,12,0,active
SELLER_00040,established,2025-02-01,ADDR_001518,Furniture,70.0,60,0,active
SELLER_00041,established,2025-01-27,ADDR_004903,Grocery,70.0,11,0,active
SELLER_00042,established,2025-03-28,ADDR_003630,Books,70.0,25,0,active
SELLER_00043,established,2025-02-14,ADDR_001850,Home & Kitchen,70.0,14,0,active
SELLER_00044,established,2025-02-20,ADDR_004911,Furniture,70.0,42,0,active
SELLER_00045,disposable,2025-05-09,ADDR_000367,Beauty,70.0,26,0,active
SELLER_00046,established,2025-01-29,ADDR_001059,Home & Kitchen,70.0,46,0,active
SELLER_00047,established,2025-01-20,ADDR_001161,Grocery,70.0,26,0,active
SELLER_00048,established,2025-02-27,ADDR_001733,Furniture,70.0,12,0,active
SELLER_00049,established,2025-01-07,ADDR_002151,Automotive,70.0,109,0,active
SELLER_00050,disposable,2025-06-27,ADDR_003174,Fashion,70.0,27,0,active
SELLER_00051,disposable,2025-11-02,ADDR_003945,Automotive,70.0,40,0,active
SELLER_00052,established,2025-02-10,ADDR_004930,Beauty,70.0,29,0,active
SELLER_00053,established,2025-04-09,ADDR_000018,Home & Kitchen,70.0,13,0,active
SELLER_00054,established,2025-01-09,ADDR_003615,Furniture,70.0,62,0,active
SELLER_00055,established,2025-01-28,ADDR_001459,Furniture,70.0,18,0,active
SELLER_00056,disposable,2025-07-24,ADDR_004544,Beauty,70.0,51,0,active
SELLER_00057,established,2025-01-24,ADDR_000824,Electronics,70.0,34,0,active
SELLER_00058,established,2025-03-02,ADDR_001613,Home & Kitchen,70.0,39,0,active
SELLER_00059,disposable,2025-04-13,ADDR_000334,Toys,70.0,17,0,active
SELLER_00060,established,2025-02-06,ADDR_004328,Electronics,70.0,5,0,active
SELLER_00061,established,2025-01-04,ADDR_003408,Home & Kitchen,70.0,37,0,active
SELLER_00062,disposable,2025-08-30,ADDR_001887,Fashion,70.0,25,0,active
SELLER_00063,established,2025-03-27,ADDR_002161,Furniture,70.0,13,0,active
SELLER_00064,established,2025-01-01,ADDR_003151,Beauty,70.0,23,0,active
SELLER_00065,established,2025-01-30,ADDR_002481,Beauty,70.0,130,0,active
SELLER_00066,takeover,2025-02-03,ADDR_002142,Sports,70.0,49,0,active
SELLER_00067,disposable,2025-09-26,ADDR_003205,Electronics,70.0,44,0,active
SELLER_00068,disposable,2025-03-23,ADDR_000699,Toys,70.0,37,0,active
SELLER_00069,disposable,2025-06-27,ADDR_004100,Furniture,70.0,26,0,active
SELLER_00070,established,2025-03-19,ADDR_000486,Automotive,70.0,23,0,active
SELLER_00071,established,2025-02-08,ADDR_002944,Home & Kitchen,70.0,30,0,active
SELLER_00072,established,2025-03-13,ADDR_000666,Electronics,70.0,10,0,active
SELLER_00073,established,2025-01-20,ADDR_003577,Grocery,70.0,40,0,active
SELLER_00074,established,2025-04-14,ADDR_004820,Automotive,70.0,30,0,active
SELLER_00075,established,2025-01-02,ADDR_000373,Furniture,70.0,28,0,active
SELLER_00076,established,2025-01-02,ADDR_000127,Toys,70.0,16,0,active
SELLER_00077,established,2025-02-08,ADDR_003340,Sports,70.0,76,0,active
SELLER_00078,disposable,2025-07-16,ADDR_002564,Grocery,70.0,69,0,active
SELLER_00079,disposable,2025-09-02,ADDR_001044,Books,70.0,64,0,active
SELLER_00080,established,2025-01-09,ADDR_000098,Grocery,70.0,38,0,active
SELLER_00081,established,2025-01-09,ADDR_003250,Home & Kitchen,70.0,22,0,active
SELLER_00082,established,2025-03-13,ADDR_000291,Furniture,70.0,20,0,active
SELLER_00083,established,2025-01-14,ADDR_002356,Electronics,70.0,51,0,active
SELLER_00084,established,2025-03-09,ADDR_004752,Electronics,70.0,80,0,active
SELLER_00085,established,2025-02-23,ADDR_002954,Books,70.0,25,0,active
SELLER_00086,established,2025-01-02,ADDR_003998,Toys,70.0,11,0,active
SELLER_00087,established,2025-03-06,ADDR_001568,Toys,70.0,43,0,active
SELLER_00088,established,2025-04-06,ADDR_001625,Furniture,70.0,38,0,active
SELLER_00089,established,2025-03-25,ADDR_003418,Automotive,70.0,33,0,active
SELLER_00090,disposable,2025-03-04,ADDR_000554,Grocery,70.0,9,0,active
SELLER_00091,disposable,2025-08-04,ADDR_003896,Fashion,70.0,28,0,active
SELLER_00092,established,2025-04-12,ADDR_000040,Electronics,70.0,74,0,active
SELLER_00093,disposable,2025-08-22,ADDR_001845,Fashion,70.0,21,0,active
SELLER_00094,established,2025-01-13,ADDR_003337,Books,70.0,23,0,active
SELLER_00095,established,2025-01-07,ADDR_000879,Grocery,70.0,24,0,active
SELLER_00096,established,2025-03-02,ADDR_000558,Grocery,70.0,32,0,active
SELLER_00097,established,2025-03-17,ADDR_000444,Fashion,70.0,14,0,active
SELLER_00098,established,2025-04-12,ADDR_003026,Home & Kitchen,70.0,17,0,active
SELLER_00099,established,2025-04-11,ADDR_001576,Beauty,70.0,28,0,active
SELLER_00100,established,2025-01-18,ADDR_001022,Books,70.0,73,0,active
SELLER_00101,established,2025-02-18,ADDR_000279,Electronics,70.0,81,0,active
SELLER_00102,established,2025-01-02,ADDR_000215,Automotive,70.0,25,0,active
SELLER_00103,established,2025-01-02,ADDR_002377,Electronics,70.0,10,0,active
SELLER_00104,established,2025-01-02,ADDR_002694,Toys,70.0,10,0,active
SELLER_00105,established,2025-04-15,ADDR_000648,Furniture,70.0,23,0,active
SELLER_00106,established,2025-01-05,ADDR_001481,Fashion,70.0,8,0,active
SELLER_00107,established,2025-02-02,ADDR_002108,Books,70.0,43,0,active
SELLER_00108,disposable,2025-07-05,ADDR_001482,Toys,70.0,55,0,active
SELLER_00109,established,2025-01-16,ADDR_002489,Automotive,70.0,45,0,active
SELLER_00110,disposable,2025-08-04,ADDR_004723,Toys,70.0,22,0,active
SELLER_00111,established,2025-01-01,ADDR_000074,Automotive,70.0,23,0,active
SELLER_00112,established,2025-01-22,ADDR_001414,Sports,70.0,89,0,active
SELLER_00113,established,2025-02-01,ADDR_002149,Fashion,70.0,68,0,active
SELLER_00114,established,2025-03-22,ADDR_000478,Books,70.0,33,0,active
SELLER_00115,disposable,2025-09-20,ADDR_003255,Furniture,70.0,36,0,active
SELLER_00116,established,2025-03-31,ADDR_002894,Sports,70.0,24,0,active
SELLER_00117,disposable,2025-06-18,ADDR_002345,Automotive,70.0,23,0,active
SELLER_00118,established,2025-01-04,ADDR_001423,Automotive,70.0,8,0,active
SELLER_00119,established,2025-01-24,ADDR_000452,Books,70.0,12,0,active
SELLER_00120,established,2025-04-23,ADDR_003522,Grocery,70.0,47,0,active
SELLER_00121,takeover,2025-01-08,ADDR_003371,Toys,70.0,8,0,active
SELLER_00122,established,2025-01-06,ADDR_001363,Automotive,70.0,70,0,active
SELLER_00123,established,2025-04-19,ADDR_001905,Beauty,70.0,233,0,active
SELLER_00124,takeover,2025-04-20,ADDR_001744,Toys,70.0,48,0,active
SELLER_00125,takeover,2025-01-04,ADDR_000982,Electronics,70.0,36,0,active
SELLER_00126,established,2025-03-16,ADDR_003820,Fashion,70.0,65,0,active
SELLER_00127,disposable,2025-07-04,ADDR_000102,Toys,70.0,11,0,active
SELLER_00128,disposable,2025-07-22,ADDR_000108,Grocery,70.0,90,0,active
SELLER_00129,established,2025-02-04,ADDR_001591,Electronics,70.0,19,0,active
SELLER_00130,established,2025-04-24,ADDR_001230,Electronics,70.0,31,0,active
SELLER_00131,established,2025-01-06,ADDR_000093,Electronics,70.0,20,0,active
SELLER_00132,established,2025-03-17,ADDR_003955,Toys,70.0,17,0,active
SELLER_00133,established,2025-01-01,ADDR_002369,Beauty,70.0,8,0,active
SELLER_00134,established,2025-02-22,ADDR_004546,Electronics,70.0,21,0,active
SELLER_00135,established,2025-02-25,ADDR_000163,Grocery,70.0,32,0,active
SELLER_00136,takeover,2025-03-14,ADDR_001640,Toys,70.0,16,0,active
SELLER_00137,established,2025-04-15,ADDR_003270,Electronics,70.0,18,0,active
SELLER_00138,disposable,2025-10-05,ADDR_003179,Books,70.0,38,0,active
SELLER_00139,established,2025-03-10,ADDR_002588,Furniture,70.0,10,0,active
SELLER_00140,established,2025-01-11,ADDR_003067,Sports,70.0,23,0,active
SELLER_00141,established,2025-04-29,ADDR_002723,Furniture,70.0,86,0,active
SELLER_00142,established,2025-01-31,ADDR_001009,Sports,70.0,16,0,active
SELLER_00143,established,2025-01-25,ADDR_001395,Electronics,70.0,127,0,active
SELLER_00144,established,2025-02-04,ADDR_001131,Fashion,70.0,10,0,active
SELLER_00145,established,2025-01-23,ADDR_001164,Electronics,70.0,6,0,active
SELLER_00146,established,2025-02-16,ADDR_000347,Beauty,70.0,44,0,active
SELLER_00147,established,2025-01-19,ADDR_002253,Beauty,70.0,38,0,active
SELLER_00148,takeover,2025-01-10,ADDR_004460,Sports,70.0,130,0,active
SELLER_00149,established,2025-04-15,ADDR_003798,Sports,70.0,7,0,active
SELLER_00150,established,2025-04-15,ADDR_001296,Automotive,70.0,25,0,active
SELLER_00151,established,2025-02-03,ADDR_003669,Electronics,70.0,25,0,active
SELLER_00152,established,2025-04-22,ADDR_003882,Automotive,70.0,113,0,active
SELLER_00153,established,2025-01-25,ADDR_002059,Home & Kitchen,70.0,66,0,active
SELLER_00154,established,2025-01-22,ADDR_004093,Furniture,70.0,19,0,active
SELLER_00155,established,2025-04-13,ADDR_001090,Fashion,70.0,120,0,active
SELLER_00156,established,2025-02-22,ADDR_000056,Fashion,70.0,17,0,active
SELLER_00157,established,2025-03-15,ADDR_000322,Fashion,70.0,45,0,active
SELLER_00158,established,2025-01-25,ADDR_004334,Home & Kitchen,70.0,28,0,active
SELLER_00159,disposable,2025-06-27,ADDR_003762,Furniture,70.0,20,0,active
SELLER_00160,established,2025-01-02,ADDR_004736,Sports,70.0,24,0,active
SELLER_00161,established,2025-04-23,ADDR_001981,Fashion,70.0,26,0,active
SELLER_00162,established,2025-01-09,ADDR_004395,Books,70.0,14,0,active
SELLER_00163,established,2025-02-03,ADDR_000676,Toys,70.0,21,0,active
SELLER_00164,established,2025-01-03,ADDR_000328,Grocery,70.0,95,0,active
SELLER_00165,established,2025-02-24,ADDR_000944,Grocery,70.0,18,0,active
SELLER_00166,established,2025-01-23,ADDR_000077,Grocery,70.0,34,0,active
SELLER_00167,established,2025-03-16,ADDR_002192,Fashion,70.0,67,0,active
SELLER_00168,established,2025-02-08,ADDR_003734,Sports,70.0,23,0,active
SELLER_00169,established,2025-01-04,ADDR_003875,Books,70.0,59,0,active
SELLER_00170,established,2025-01-01,ADDR_003070,Toys,70.0,62,0,active
SELLER_00171,established,2025-01-08,ADDR_003628,Furniture,70.0,25,0,active
SELLER_00172,established,2025-03-09,ADDR_004881,Furniture,70.0,72,0,active
SELLER_00173,established,2025-03-27,ADDR_000553,Automotive,70.0,68,0,active
SELLER_00174,established,2025-01-18,ADDR_000479,Home & Kitchen,70.0,50,0,active
SELLER_00175,established,2025-02-09,ADDR_003967,Toys,70.0,65,0,active
SELLER_00176,established,2025-01-10,ADDR_001607,Automotive,70.0,26,0,active
SELLER_00177,disposable,2025-11-11,ADDR_002961,Home & Kitchen,70.0,70,0,active
SELLER_00178,established,2025-04-23,ADDR_001705,Grocery,70.0,143,0,active
SELLER_00179,established,2025-03-14,ADDR_002789,Home & Kitchen,70.0,23,0,active
SELLER_00180,disposable,2025-03-27,ADDR_003833,Fashion,70.0,53,0,active
SELLER_00181,disposable,2025-07-06,ADDR_003383,Home & Kitchen,70.0,37,0,active
SELLER_00182,established,2025-04-28,ADDR_001111,Furniture,70.0,9,0,active
SELLER_00183,established,2025-01-09,ADDR_004633,Furniture,70.0,102,0,active
SELLER_00184,established,2025-02-28,ADDR_000239,Automotive,70.0,15,0,active
SELLER_00185,established,2025-04-18,ADDR_004777,Home & Kitchen,70.0,181,0,active
SELLER_00186,disposable,2025-10-11,ADDR_002948,Grocery,70.0,7,0,active
SELLER_00187,established,2025-02-19,ADDR_001915,Home & Kitchen,70.0,33,0,active
SELLER_00188,established,2025-02-05,ADDR_002014,Fashion,70.0,90,0,active
SELLER_00189,established,2025-04-16,ADDR_001933,Home & Kitchen,70.0,46,0,active
SELLER_00190,disposable,2025-06-24,ADDR_003570,Fashion,70.0,31,0,active
SELLER_00191,established,2025-04-10,ADDR_004481,Books,70.0,58,0,active
SELLER_00192,established,2025-01-27,ADDR_001317,Books,70.0,52,0,active
SELLER_00193,disposable,2025-10-06,ADDR_001238,Electronics,70.0,11,0,active
SELLER_00194,established,2025-04-13,ADDR_003143,Fashion,70.0,3,0,active
SELLER_00195,established,2025-02-10,ADDR_004401,Sports,70.0,42,0,active
SELLER_00196,established,2025-01-15,ADDR_002793,Fashion,70.0,26,0,active
SELLER_00197,disposable,2025-03-16,ADDR_001471,Automotive,70.0,27,0,active
SELLER_00198,established,2025-03-23,ADDR_004799,Sports,70.0,52,0,active
SELLER_00199,established,2025-02-21,ADDR_000789,Sports,70.0,106,0,active
SELLER_00200,established,2025-01-11,ADDR_003705,Electronics,70.0,58,0,active
SELLER_00201,established,2025-04-05,ADDR_000461,Grocery,70.0,12,0,active
SELLER_00202,established,2025-04-14,ADDR_002423,Grocery,70.0,35,0,active
SELLER_00203,established,2025-04-07,ADDR_002803,Grocery,70.0,42,0,active
SELLER_00204,disposable,2025-08-22,ADDR_001267,Toys,70.0,30,0,active
SELLER_00205,disposable,2025-12-09,ADDR_001498,Home & Kitchen,70.0,13,0,active
SELLER_00206,established,2025-04-05,ADDR_002002,Electronics,70.0,61,0,active
SELLER_00207,disposable,2025-04-01,ADDR_002897,Beauty,70.0,19,0,active
SELLER_00208,established,2025-04-26,ADDR_002591,Toys,70.0,21,0,active
SELLER_00209,established,2025-02-10,ADDR_000659,Fashion,70.0,42,0,active
SELLER_00210,established,2025-04-14,ADDR_000927,Electronics,70.0,60,0,active
SELLER_00211,established,2025-03-15,ADDR_002426,Home & Kitchen,70.0,21,0,active
SELLER_00212,disposable,2025-09-05,ADDR_002749,Electronics,70.0,40,0,active
SELLER_00213,established,2025-01-17,ADDR_004814,Electronics,70.0,34,0,active
SELLER_00214,established,2025-01-01,ADDR_001254,Sports,70.0,59,0,active
SELLER_00215,established,2025-01-12,ADDR_004681,Grocery,70.0,13,0,active
SELLER_00216,established,2025-03-02,ADDR_001777,Sports,70.0,11,0,active
SELLER_00217,established,2025-04-03,ADDR_002214,Electronics,70.0,16,0,active
SELLER_00218,established,2025-01-01,ADDR_002203,Beauty,70.0,28,0,active
SELLER_00219,established,2025-01-08,ADDR_001301,Electronics,70.0,26,0,active
SELLER_00220,established,2025-02-28,ADDR_004209,Books,70.0,11,0,active
SELLER_00221,established,2025-01-13,ADDR_004370,Home & Kitchen,70.0,68,0,active
SELLER_00222,established,2025-01-04,ADDR_000857,Beauty,70.0,8,0,active
SELLER_00223,established,2025-01-02,ADDR_004705,Furniture,70.0,10,0,active
SELLER_00224,established,2025-02-23,ADDR_004097,Toys,70.0,13,0,active
SELLER_00225,established,2025-02-17,ADDR_002722,Grocery,70.0,56,0,active
SELLER_00226,established,2025-04-02,ADDR_002713,Beauty,70.0,13,0,active
SELLER_00227,established,2025-01-15,ADDR_000481,Furniture,70.0,26,0,active
SELLER_00228,disposable,2025-04-10,ADDR_003407,Grocery,70.0,8,0,active
SELLER_00229,established,2025-03-22,ADDR_003658,Toys,70.0,31,0,active
SELLER_00230,established,2025-04-28,ADDR_001709,Toys,70.0,11,0,active
SELLER_00231,established,2025-01-20,ADDR_001266,Books,70.0,75,0,active
SELLER_00232,established,2025-04-03,ADDR_003095,Fashion,70.0,68,0,active
SELLER_00233,established,2025-03-15,ADDR_004174,Home & Kitchen,70.0,126,0,active
SELLER_00234,established,2025-04-12,ADDR_002246,Books,70.0,25,0,active
SELLER_00235,disposable,2025-07-02,ADDR_002990,Sports,70.0,14,0,active
SELLER_00236,established,2025-01-02,ADDR_002428,Grocery,70.0,10,0,active
SELLER_00237,established,2025-01-03,ADDR_002414,Toys,70.0,136,0,active
SELLER_00238,established,2025-03-15,ADDR_001692,Electronics,70.0,51,0,active
SELLER_00239,takeover,2025-04-03,ADDR_004929,Books,70.0,13,0,active
SELLER_00240,established,2025-01-30,ADDR_000480,Books,70.0,22,0,active
SELLER_00241,established,2025-01-01,ADDR_004145,Beauty,70.0,40,0,active
SELLER_00242,established,2025-01-01,ADDR_003065,Grocery,70.0,21,0,active
SELLER_00243,established,2025-02-17,ADDR_002667,Beauty,70.0,92,0,active
SELLER_00244,disposable,2025-11-22,ADDR_003675,Fashion,70.0,91,0,active
SELLER_00245,disposable,2025-06-25,ADDR_001114,Fashion,70.0,8,0,active
SELLER_00246,established,2025-02-25,ADDR_002919,Furniture,70.0,100,0,active
SELLER_00247,disposable,2025-08-05,ADDR_004832,Beauty,70.0,55,0,active
SELLER_00248,established,2025-04-08,ADDR_003324,Sports,70.0,15,0,active
SELLER_00249,established,2025-03-28,ADDR_002812,Beauty,70.0,24,0,active
SELLER_00250,established,2025-01-07,ADDR_001975,Grocery,70.0,9,0,active
SELLER_00251,established,2025-03-01,ADDR_004497,Books,70.0,29,0,active
SELLER_00252,disposable,2025-11-01,ADDR_002729,Automotive,70.0,15,0,active
SELLER_00253,disposable,2025-11-25,ADDR_002593,Automotive,70.0,19,0,active
SELLER_00254,established,2025-02-16,ADDR_002554,Furniture,70.0,21,0,active
SELLER_00255,established,2025-01-06,ADDR_001563,Beauty,70.0,17,0,active
SELLER_00256,established,2025-02-12,ADDR_004525,Toys,70.0,50,0,active
SELLER_00257,disposable,2025-09-10,ADDR_001943,Beauty,70.0,7,0,active
SELLER_00258,takeover,2025-01-12,ADDR_001965,Grocery,70.0,54,0,active
SELLER_00259,established,2025-04-25,ADDR_004486,Grocery,70.0,33,0,active
SELLER_00260,established,2025-01-09,ADDR_001828,Home & Kitchen,70.0,19,0,active
SELLER_00261,established,2025-04-12,ADDR_004772,Automotive,70.0,10,0,active
SELLER_00262,takeover,2025-01-26,ADDR_004211,Home & Kitchen,70.0,3,0,active
SELLER_00263,established,2025-01-01,ADDR_003970,Furniture,70.0,86,0,active
SELLER_00264,established,2025-02-10,ADDR_000250,Automotive,70.0,9,0,active
SELLER_00265,established,2025-02-21,ADDR_001796,Electronics,70.0,46,0,active
SELLER_00266,established,2025-04-04,ADDR_001491,Beauty,70.0,13,0,active
SELLER_00267,established,2025-02-09,ADDR_000698,Beauty,70.0,37,0,active
SELLER_00268,disposable,2025-03-29,ADDR_004667,Automotive,70.0,9,0,active
SELLER_00269,established,2025-04-15,ADDR_001720,Grocery,70.0,42,0,active
SELLER_00270,established,2025-02-12,ADDR_004095,Electronics,70.0,11,0,active
SELLER_00271,established,2025-01-12,ADDR_001749,Automotive,70.0,54,0,active
SELLER_00272,established,2025-04-10,ADDR_004355,Home & Kitchen,70.0,40,0,active
SELLER_00273,established,2025-01-03,ADDR_000958,Beauty,70.0,3,0,active
SELLER_00274,disposable,2025-03-30,ADDR_001272,Fashion,70.0,12,0,active
SELLER_00275,disposable,2025-08-03,ADDR_003702,Fashion,70.0,248,0,active
SELLER_00276,disposable,2025-08-29,ADDR_001438,Toys,70.0,55,0,active
SELLER_00277,established,2025-02-05,ADDR_002177,Electronics,70.0,96,0,active
SELLER_00278,established,2025-04-16,ADDR_001201,Electronics,70.0,19,0,active
SELLER_00279,established,2025-01-11,ADDR_003272,Grocery,70.0,10,0,active
SELLER_00280,established,2025-04-28,ADDR_002517,Beauty,70.0,10,0,active
SELLER_00281,established,2025-01-01,ADDR_001594,Books,70.0,22,0,active
SELLER_00282,established,2025-01-03,ADDR_001269,Furniture,70.0,16,0,active
SELLER_00283,established,2025-01-06,ADDR_001997,Electronics,70.0,33,0,active
SELLER_00284,disposable,2025-03-24,ADDR_004451,Grocery,70.0,11,0,active
SELLER_00285,established,2025-01-28,ADDR_004948,Fashion,70.0,42,0,active
SELLER_00286,established,2025-04-03,ADDR_000071,Grocery,70.0,9,0,active
SELLER_00287,established,2025-03-26,ADDR_003500,Beauty,70.0,13,0,active
SELLER_00288,established,2025-03-12,ADDR_001627,Fashion,70.0,41,0,active
SELLER_00289,established,2025-01-01,ADDR_000136,Home & Kitchen,70.0,81,0,active
SELLER_00290,established,2025-04-03,ADDR_002905,Beauty,70.0,80,0,active
SELLER_00291,established,2025-01-23,ADDR_001683,Grocery,70.0,35,0,active
SELLER_00292,takeover,2025-03-10,ADDR_000047,Books,70.0,47,0,active
SELLER_00293,established,2025-03-09,ADDR_001967,Grocery,70.0,9,0,active
SELLER_00294,established,2025-01-06,ADDR_000423,Electronics,70.0,59,0,active
SELLER_00295,established,2025-02-06,ADDR_001979,Furniture,70.0,45,0,active
SELLER_00296,established,2025-04-15,ADDR_001702,Sports,70.0,23,0,active
SELLER_00297,takeover,2025-01-11,ADDR_004208,Fashion,70.0,63,0,active
SELLER_00298,established,2025-03-07,ADDR_004845,Furniture,70.0,37,0,active
SELLER_00299,takeover,2025-04-22,ADDR_004619,Grocery,70.0,30,0,active
SELLER_00300,established,2025-01-20,ADDR_001377,Electronics,70.0,25,0,active
SELLER_00301,established,2025-01-22,ADDR_003635,Sports,70.0,27,0,active
SELLER_00302,established,2025-01-29,ADDR_004363,Furniture,70.0,36,0,active
SELLER_00303,takeover,2025-03-23,ADDR_000460,Books,70.0,5,0,active
SELLER_00304,established,2025-01-28,ADDR_001501,Fashion,70.0,49,0,active
SELLER_00305,disposable,2025-07-20,ADDR_002022,Grocery,70.0,80,0,active
SELLER_00306,disposable,2025-05-05,ADDR_002617,Fashion,70.0,11,0,active
SELLER_00307,established,2025-04-28,ADDR_004892,Beauty,70.0,12,0,active
SELLER_00308,established,2025-04-08,ADDR_000207,Fashion,70.0,28,0,active
SELLER_00309,established,2025-02-17,ADDR_000578,Books,70.0,90,0,active
SELLER_00310,established,2025-04-22,ADDR_002499,Furniture,70.0,27,0,active
SELLER_00311,established,2025-03-03,ADDR_001548,Electronics,70.0,19,0,active
SELLER_00312,established,2025-04-22,ADDR_003100,Books,70.0,14,0,active
SELLER_00313,established,2025-01-05,ADDR_004694,Home & Kitchen,70.0,214,0,active
SELLER_00314,established,2025-01-09,ADDR_001268,Grocery,70.0,87,0,active
SELLER_00315,disposable,2025-11-12,ADDR_000427,Fashion,70.0,21,0,active
SELLER_00316,established,2025-01-26,ADDR_004659,Beauty,70.0,178,0,active
SELLER_00317,established,2025-01-21,ADDR_002352,Home & Kitchen,70.0,38,0,active
SELLER_00318,established,2025-03-14,ADDR_000583,Automotive,70.0,9,0,active
SELLER_00319,established,2025-02-22,ADDR_002074,Electronics,70.0,13,0,active
SELLER_00320,established,2025-01-18,ADDR_000989,Toys,70.0,29,0,active
SELLER_00321,established,2025-01-23,ADDR_003507,Fashion,70.0,7,0,active
SELLER_00322,disposable,2025-06-28,ADDR_003021,Toys,70.0,10,0,active
SELLER_00323,established,2025-01-03,ADDR_002936,Grocery,70.0,25,0,active
SELLER_00324,established,2025-01-09,ADDR_000410,Grocery,70.0,39,0,active
SELLER_00325,established,2025-02-09,ADDR_002276,Electronics,70.0,23,0,active
SELLER_00326,established,2025-03-19,ADDR_002766,Grocery,70.0,88,0,active
SELLER_00327,established,2025-01-26,ADDR_003879,Home & Kitchen,70.0,20,0,active
SELLER_00328,established,2025-01-22,ADDR_003898,Books,70.0,24,0,active
SELLER_00329,established,2025-02-25,ADDR_001706,Furniture,70.0,26,0,active
SELLER_00330,disposable,2025-04-16,ADDR_002825,Fashion,70.0,13,0,active
SELLER_00331,disposable,2025-06-20,ADDR_003271,Beauty,70.0,40,0,active
SELLER_00332,established,2025-01-08,ADDR_004655,Automotive,70.0,23,0,active
SELLER_00333,established,2025-02-25,ADDR_001897,Fashion,70.0,66,0,active
SELLER_00334,established,2025-01-03,ADDR_004261,Home & Kitchen,70.0,9,0,active
SELLER_00335,disposable,2025-07-09,ADDR_004908,Toys,70.0,20,0,active
SELLER_00336,established,2025-02-17,ADDR_001922,Furniture,70.0,8,0,active
SELLER_00337,established,2025-03-28,ADDR_002144,Home & Kitchen,70.0,10,0,active
SELLER_00338,established,2025-03-09,ADDR_004867,Beauty,70.0,21,0,active
SELLER_00339,established,2025-04-18,ADDR_001556,Grocery,70.0,15,0,active
SELLER_00340,established,2025-03-01,ADDR_000099,Fashion,70.0,66,0,active
SELLER_00341,established,2025-01-19,ADDR_003704,Beauty,70.0,84,0,active
SELLER_00342,disposable,2025-05-07,ADDR_004256,Beauty,70.0,16,0,active
SELLER_00343,established,2025-01-01,ADDR_000147,Sports,70.0,26,0,active
SELLER_00344,disposable,2025-05-21,ADDR_001188,Toys,70.0,31,0,active
SELLER_00345,established,2025-01-04,ADDR_002125,Home & Kitchen,70.0,32,0,active
SELLER_00346,established,2025-01-20,ADDR_001533,Beauty,70.0,23,0,active
SELLER_00347,established,2025-03-05,ADDR_001637,Furniture,70.0,106,0,active
SELLER_00348,established,2025-03-03,ADDR_001320,Automotive,70.0,21,0,active
SELLER_00349,disposable,2025-06-01,ADDR_000881,Furniture,70.0,48,0,active
SELLER_00350,established,2025-02-05,ADDR_003412,Books,70.0,18,0,active
SELLER_00351,established,2025-01-08,ADDR_000739,Toys,70.0,38,0,active
SELLER_00352,disposable,2025-07-25,ADDR_003479,Home & Kitchen,70.0,63,0,active
SELLER_00353,established,2025-02-05,ADDR_004409,Fashion,70.0,26,0,active
SELLER_00354,established,2025-01-14,ADDR_002418,Toys,70.0,78,0,active
SELLER_00355,takeover,2025-01-11,ADDR_003754,Sports,70.0,24,0,active
SELLER_00356,established,2025-04-26,ADDR_000941,Grocery,70.0,35,0,active
SELLER_00357,established,2025-02-09,ADDR_001262,Electronics,70.0,33,0,active
SELLER_00358,established,2025-02-12,ADDR_003778,Automotive,70.0,70,0,active
SELLER_00359,disposable,2025-03-04,ADDR_004773,Fashion,70.0,13,0,active
SELLER_00360,disposable,2025-04-23,ADDR_002662,Beauty,70.0,16,0,active
SELLER_00361,established,2025-01-19,ADDR_000162,Beauty,70.0,15,0,active
SELLER_00362,established,2025-04-23,ADDR_004122,Furniture,70.0,17,0,active
SELLER_00363,established,2025-01-06,ADDR_000385,Grocery,70.0,16,0,active
SELLER_00364,established,2025-01-15,ADDR_000639,Electronics,70.0,11,0,active
SELLER_00365,takeover,2025-04-28,ADDR_001480,Automotive,70.0,22,0,active
SELLER_00366,established,2025-02-02,ADDR_004729,Books,70.0,57,0,active
SELLER_00367,established,2025-01-16,ADDR_002877,Electronics,70.0,37,0,active
SELLER_00368,established,2025-02-22,ADDR_002832,Grocery,70.0,130,0,active
SELLER_00369,established,2025-02-04,ADDR_002332,Electronics,70.0,16,0,active
SELLER_00370,established,2025-04-21,ADDR_001700,Sports,70.0,10,0,active
SELLER_00371,established,2025-01-02,ADDR_002911,Fashion,70.0,14,0,active
SELLER_00372,established,2025-03-20,ADDR_003843,Electronics,70.0,18,0,active
SELLER_00373,established,2025-01-13,ADDR_001437,Toys,70.0,25,0,active
SELLER_00374,established,2025-03-23,ADDR_001872,Books,70.0,31,0,active
SELLER_00375,established,2025-03-31,ADDR_000193,Sports,70.0,17,0,active
SELLER_00376,established,2025-03-31,ADDR_002510,Beauty,70.0,186,0,active
SELLER_00377,established,2025-04-03,ADDR_001311,Toys,70.0,84,0,active
SELLER_00378,established,2025-03-08,ADDR_003142,Fashion,70.0,25,0,active
SELLER_00379,established,2025-01-04,ADDR_004893,Electronics,70.0,15,0,active
SELLER_00380,established,2025-01-01,ADDR_000754,Fashion,70.0,19,0,active
SELLER_00381,established,2025-01-18,ADDR_003016,Electronics,70.0,59,0,active
SELLER_00382,established,2025-02-03,ADDR_001998,Grocery,70.0,38,0,active
SELLER_00383,established,2025-01-14,ADDR_000029,Books,70.0,13,0,active
SELLER_00384,established,2025-03-12,ADDR_001409,Fashion,70.0,17,0,active
SELLER_00385,established,2025-03-08,ADDR_000766,Toys,70.0,13,0,active
SELLER_00386,disposable,2025-12-07,ADDR_002017,Sports,70.0,45,0,active
SELLER_00387,established,2025-01-24,ADDR_003766,Fashion,70.0,108,0,active
SELLER_00388,established,2025-03-19,ADDR_000120,Furniture,70.0,83,0,active
SELLER_00389,established,2025-03-11,ADDR_000251,Furniture,70.0,20,0,active
SELLER_00390,established,2025-04-28,ADDR_004249,Grocery,70.0,38,0,active
SELLER_00391,established,2025-03-17,ADDR_000375,Automotive,70.0,14,0,active
SELLER_00392,established,2025-01-13,ADDR_001810,Toys,70.0,41,0,active
SELLER_00393,takeover,2025-01-01,ADDR_003107,Automotive,70.0,48,0,active
SELLER_00394,established,2025-04-24,ADDR_001270,Toys,70.0,5,0,active
SELLER_00395,established,2025-03-07,ADDR_004099,Fashion,70.0,22,0,active
SELLER_00396,takeover,2025-03-24,ADDR_001763,Fashion,70.0,18,0,active
SELLER_00397,established,2025-03-21,ADDR_004798,Automotive,70.0,15,0,active
SELLER_00398,established,2025-03-11,ADDR_001883,Sports,70.0,15,0,active
SELLER_00399,established,2025-03-13,ADDR_002127,Grocery,70.0,175,0,active
SELLER_00400,established,2025-04-16,ADDR_001648,Fashion,70.0,34,0,active
SELLER_00401,established,2025-04-13,ADDR_004413,Sports,70.0,20,0,active
SELLER_00402,established,2025-01-21,ADDR_000464,Electronics,70.0,16,0,active
SELLER_00403,established,2025-01-01,ADDR_000542,Home & Kitchen,70.0,21,0,active
SELLER_00404,established,2025-01-01,ADDR_002525,Fashion,70.0,15,0,active
SELLER_00405,established,2025-01-29,ADDR_004677,Home & Kitchen,70.0,30,0,active
SELLER_00406,established,2025-03-28,ADDR_004060,Books,70.0,11,0,active
SELLER_00407,established,2025-03-31,ADDR_001964,Electronics,70.0,20,0,active
SELLER_00408,established,2025-01-24,ADDR_001851,Fashion,70.0,51,0,active
SELLER_00409,established,2025-01-14,ADDR_003055,Books,70.0,57,0,active
SELLER_00410,established,2025-02-05,ADDR_003506,Fashion,70.0,6,0,active
SELLER_00411,disposable,2025-10-28,ADDR_004858,Toys,70.0,50,0,active
SELLER_00412,established,2025-02-23,ADDR_001177,Automotive,70.0,17,0,active
SELLER_00413,established,2025-01-04,ADDR_004785,Grocery,70.0,73,0,active
SELLER_00414,disposable,2025-06-14,ADDR_004332,Fashion,70.0,12,0,active
SELLER_00415,disposable,2025-08-09,ADDR_003514,Fashion,70.0,23,0,active
SELLER_00416,established,2025-02-09,ADDR_003234,Grocery,70.0,32,0,active
SELLER_00417,established,2025-03-27,ADDR_003720,Beauty,70.0,58,0,active
SELLER_00418,established,2025-04-16,ADDR_001399,Sports,70.0,59,0,active
SELLER_00419,takeover,2025-01-02,ADDR_002782,Sports,70.0,16,0,active
SELLER_00420,established,2025-01-09,ADDR_004057,Toys,70.0,16,0,active
SELLER_00421,disposable,2025-06-23,ADDR_001049,Sports,70.0,71,0,active
SELLER_00422,established,2025-01-14,ADDR_000539,Electronics,70.0,18,0,active
SELLER_00423,established,2025-01-24,ADDR_004378,Electronics,70.0,120,0,active
SELLER_00424,takeover,2025-01-01,ADDR_001799,Electronics,70.0,50,0,active
SELLER_00425,established,2025-01-01,ADDR_004459,Home & Kitchen,70.0,12,0,active
SELLER_00426,established,2025-03-29,ADDR_002233,Automotive,70.0,61,0,active
SELLER_00427,established,2025-01-02,ADDR_001567,Furniture,70.0,38,0,active
SELLER_00428,takeover,2025-03-26,ADDR_004023,Sports,70.0,27,0,active
SELLER_00429,established,2025-01-15,ADDR_004187,Electronics,70.0,22,0,active
SELLER_00430,established,2025-01-15,ADDR_003190,Electronics,70.0,55,0,active
SELLER_00431,established,2025-01-02,ADDR_004709,Automotive,70.0,15,0,active
SELLER_00432,established,2025-01-01,ADDR_003225,Beauty,70.0,16,0,active
SELLER_00433,established,2025-01-19,ADDR_004463,Automotive,70.0,18,0,active
SELLER_00434,established,2025-03-28,ADDR_003605,Toys,70.0,20,0,active
SELLER_00435,established,2025-04-14,ADDR_001295,Automotive,70.0,35,0,active
SELLER_00436,disposable,2025-03-19,ADDR_001827,Fashion,70.0,38,0,active
SELLER_00437,established,2025-01-01,ADDR_000938,Automotive,70.0,54,0,active
SELLER_00438,established,2025-01-05,ADDR_000949,Toys,70.0,160,0,active
SELLER_00439,established,2025-03-16,ADDR_000323,Sports,70.0,52,0,active
SELLER_00440,established,2025-01-07,ADDR_003672,Toys,70.0,21,0,active
SELLER_00441,established,2025-01-09,ADDR_003563,Beauty,70.0,35,0,active
SELLER_00442,established,2025-04-08,ADDR_000142,Books,70.0,30,0,active
SELLER_00443,established,2025-04-05,ADDR_002752,Grocery,70.0,11,0,active
SELLER_00444,established,2025-02-28,ADDR_002474,Automotive,70.0,39,0,active
SELLER_00445,established,2025-01-05,ADDR_000717,Furniture,70.0,12,0,active
SELLER_00446,established,2025-01-22,ADDR_001366,Sports,70.0,35,0,active
SELLER_00447,established,2025-01-09,ADDR_001735,Grocery,70.0,24,0,active
SELLER_00448,established,2025-02-28,ADDR_004058,Automotive,70.0,9,0,active
SELLER_00449,established,2025-03-18,ADDR_002506,Electronics,70.0,55,0,active
SELLER_00450,established,2025-01-04,ADDR_004251,Sports,70.0,46,0,active
SELLER_00451,disposable,2025-11-16,ADDR_004478,Grocery,70.0,71,0,active
SELLER_00452,established,2025-01-30,ADDR_001641,Sports,70.0,16,0,active
SELLER_00453,established,2025-03-21,ADDR_001859,Fashion,70.0,27,0,active
SELLER_00454,established,2025-01-01,ADDR_002755,Books,70.0,45,0,active
SELLER_00455,established,2025-01-20,ADDR_002067,Sports,70.0,179,0,active
SELLER_00456,established,2025-01-01,ADDR_003929,Books,70.0,31,0,active
SELLER_00457,established,2025-03-08,ADDR_000194,Electronics,70.0,21,0,active
SELLER_00458,established,2025-01-02,ADDR_004738,Electronics,70.0,16,0,active
SELLER_00459,established,2025-01-18,ADDR_001033,Books,70.0,90,0,active
SELLER_00460,established,2025-03-19,ADDR_004640,Furniture,70.0,77,0,active
SELLER_00461,established,2025-03-13,ADDR_002537,Books,70.0,25,0,active
SELLER_00462,established,2025-02-23,ADDR_003268,Furniture,70.0,40,0,active
SELLER_00463,established,2025-03-04,ADDR_001704,Automotive,70.0,107,0,active
SELLER_00464,disposable,2025-09-06,ADDR_001157,Home & Kitchen,70.0,48,0,active
SELLER_00465,established,2025-02-23,ADDR_003526,Fashion,70.0,17,0,active
SELLER_00466,takeover,2025-01-19,ADDR_002906,Toys,70.0,24,0,active
SELLER_00467,established,2025-01-01,ADDR_000178,Books,70.0,37,0,active
SELLER_00468,established,2025-01-28,ADDR_003699,Grocery,70.0,143,0,active
SELLER_00469,established,2025-01-01,ADDR_001863,Toys,70.0,8,0,active
SELLER_00470,established,2025-01-31,ADDR_001919,Furniture,70.0,45,0,active
SELLER_00471,established,2025-01-31,ADDR_000785,Automotive,70.0,32,0,active
SELLER_00472,established,2025-01-06,ADDR_003693,Toys,70.0,149,0,active
SELLER_00473,established,2025-03-19,ADDR_000966,Toys,70.0,55,0,active
SELLER_00474,established,2025-03-05,ADDR_000204,Electronics,70.0,28,0,active
SELLER_00475,established,2025-02-12,ADDR_003842,Grocery,70.0,29,0,active
SELLER_00476,takeover,2025-04-15,ADDR_001073,Books,70.0,28,0,active
SELLER_00477,established,2025-01-13,ADDR_000223,Automotive,70.0,43,0,active
SELLER_00478,established,2025-01-11,ADDR_001069,Electronics,70.0,51,0,active
SELLER_00479,disposable,2025-04-24,ADDR_001464,Fashion,70.0,14,0,active
SELLER_00480,established,2025-02-10,ADDR_001413,Books,70.0,19,0,active
SELLER_00481,disposable,2025-04-30,ADDR_003299,Sports,70.0,40,0,active
SELLER_00482,established,2025-04-04,ADDR_000146,Toys,70.0,35,0,active
SELLER_00483,established,2025-01-15,ADDR_001146,Sports,70.0,22,0,active
SELLER_00484,established,2025-02-03,ADDR_001178,Books,70.0,6,0,active
SELLER_00485,established,2025-02-08,ADDR_004448,Books,70.0,15,0,active
SELLER_00486,established,2025-01-15,ADDR_003401,Fashion,70.0,22,0,active
SELLER_00487,established,2025-03-11,ADDR_004464,Grocery,70.0,21,0,active
SELLER_00488,established,2025-03-03,ADDR_002753,Sports,70.0,73,0,active
SELLER_00489,established,2025-03-15,ADDR_003124,Toys,70.0,21,0,active
SELLER_00490,established,2025-02-18,ADDR_003368,Books,70.0,20,0,active
SELLER_00491,established,2025-01-30,ADDR_000790,Grocery,70.0,57,0,active
SELLER_00492,established,2025-01-29,ADDR_003118,Beauty,70.0,55,0,active
SELLER_00493,established,2025-03-07,ADDR_001795,Electronics,70.0,11,0,active
SELLER_00494,disposable,2025-06-18,ADDR_004367,Fashion,70.0,69,0,active
SELLER_00495,disposable,2025-07-06,ADDR_002621,Furniture,70.0,60,0,active
SELLER_00496,established,2025-01-05,ADDR_002259,Home & Kitchen,70.0,18,0,active
SELLER_00497,established,2025-03-01,ADDR_003923,Home & Kitchen,70.0,11,0,active
SELLER_00498,established,2025-01-02,ADDR_003455,Automotive,70.0,54,0,active
SELLER_00499,established,2025-04-28,ADDR_001879,Home & Kitchen,70.0,25,0,active
